ALT,BP,CHR,CHR_BP,GWAS,LOC_NUM,NEAR_GENE,REF,RSID
C,154898185,1,1:154898185,META5,1,PMVK,G,rs114138760
A,155135036,1,1:155135036,META5,1,KRTCAP2,G,rs35749011
C,155205634,1,1:155205634,META5,1,GBAP1,T,rs76763715
C,161469054,1,1:161469054,META5,2,FCGR2A,G,rs6658353
T,171719769,1,1:171719769,META5,3,VAMP4,C,rs11578699
T,205723572,1,1:205723572,META5,4,NUCKS1,C,rs823118
A,205737739,1,1:205737739,META5,4,RAB29,G,rs11557080
C,226916078,1,1:226916078,META5,5,ITPKB,T,rs4653767
T,232664611,1,1:232664611,META5,6,SIPA1L2,C,rs10797576
T,18147848,2,2:18147848,META5,7,KCNS3,A,rs76116224
T,96000943,2,2:96000943,META5,8,KCNIP3,A,rs2042477
A,102396963,2,2:102396963,META5,9,MAP4K4,T,rs11683001
G,135464616,2,2:135464616,META5,10,TMEM163,A,rs57891859
T,169110394,2,2:169110394,META5,11,STK39,C,rs1474055
C,18361759,3,3:18361759,META5,12,SATB1,A,rs73038319
C,28705690,3,3:28705690,META5,13,LINC00693,T,rs6808178
T,48748989,3,3:48748989,META5,14,IP6K2,G,rs12497850
T,122196892,3,3:122196892,META5,15,KPNA1,C,rs55961674
A,151108965,3,3:151108965,META5,16,MED12L,T,rs11707416
G,161077630,3,3:161077630,META5,17,SPTSSB,A,rs1450522
G,182760073,3,3:182760073,META5,18,MCCC1,T,rs10513789
T,925376,4,4:925376,META5,19,GAK,C,rs873786
C,951947,4,4:951947,META5,19,TMEM175,T,rs34311866
A,15737348,4,4:15737348,META5,20,BST1,G,rs4698412
A,17968811,4,4:17968811,META5,21,LCORL,T,rs34025766
G,77110365,4,4:77110365,META5,22,SCARB2,C,rs6825004
G,77147969,4,4:77147969,META5,22,FAM47E,A,rs4101061
T,77198054,4,4:77198054,META5,22,FAM47E-STBD1,C,rs6854006
A,90626111,4,4:90626111,META5,23,SNCA,G,rs356182
A,90636630,4,4:90636630,META5,23,SNCA,G,rs5019538
T,114369065,4,4:114369065,META5,24,CAMK2D,C,rs13117519
A,170583157,4,4:170583157,META5,25,CLCN3,G,rs62333164
G,60137959,5,5:60137959,META5,26,ELOVL7,A,rs1867598
C,102365794,5,5:102365794,META5,27,PAM,G,rs26431
A,134199105,5,5:134199105,META5,28,C5orf24,C,rs11950533
A,27738801,6,6:27738801,META5,29,LOC100131289,G,rs4140646
T,30108683,6,6:30108683,META5,30,TRIM40,C,rs9261484
A,32578772,6,6:32578772,META5,31,HLA-DRB5,C,rs112485576
T,72487762,6,6:72487762,META5,32,RIMS1,C,rs12528068
G,112243291,6,6:112243291,META5,33,FYN,A,rs997368
C,133210361,6,6:133210361,META5,34,RPS12,T,rs75859381
C,23300049,7,7:23300049,META5,35,GPNMB,A,rs199351
A,66009851,7,7:66009851,META5,36,GS1-124K5.11,T,rs76949143
C,11712443,8,8:11712443,META5,37,CTSB,A,rs1293298
T,16697593,8,8:16697593,META5,38,FGF20,G,rs620513
C,22525980,8,8:22525980,META5,39,BIN3,T,rs2280104
C,130901909,8,8:130901909,META5,40,FAM49B,T,rs2086641
G,17579690,9,9:17579690,META5,41,SH3GL2,T,rs13294100
G,17727065,9,9:17727065,META5,41,SH3GL2,A,rs10756907
T,34046391,9,9:34046391,META5,42,UBAP2,C,rs6476434
T,15557406,10,10:15557406,META5,43,ITGA8,C,rs896435
G,104015279,10,10:104015279,META5,44,GBF1,A,rs10748818
A,121415685,10,10:121415685,META5,45,BAG3,G,rs72840788
A,121536327,10,10:121536327,META5,45,INPP5F,G,rs117896735
G,10558777,11,11:10558777,META5,46,RNF141,A,rs7938782
A,83487277,11,11:83487277,META5,47,DLG2,C,rs12283611
T,133787001,11,11:133787001,META5,48,IGSF9B,G,rs3802920
T,40614434,12,12:40614434,META5,49,LRRK2,C,rs76904798
A,40734202,12,12:40734202,META5,49,LRRK2,G,rs34637584
T,46419086,12,12:46419086,META5,50,SCAF11,C,rs7134559
T,123326598,12,12:123326598,META5,51,HIP1R,G,rs10847864
A,133063768,12,12:133063768,META5,52,FBRSL1,G,rs11610045
C,49927732,13,13:49927732,META5,53,CAB39L,T,rs9568188
C,97865021,13,13:97865021,META5,54,MBNL2,T,rs4771268
C,37989270,14,14:37989270,META5,55,MIPOL1,T,rs12147950
T,55348869,14,14:55348869,META5,56,GCH1,C,rs11158026
C,75373034,14,14:75373034,META5,57,RPS6KL1,A,rs3742785
T,88464264,14,14:88464264,META5,58,GALC,G,rs979812
C,61997385,15,15:61997385,META5,59,VPS13C,T,rs2251086
T,19277493,16,16:19277493,META5,60,SYT17,A,rs6497339
G,28944396,16,16:28944396,META5,61,CD19,C,rs2904880
A,30977799,16,16:30977799,META5,62,SETD1A,G,rs11150601
G,50736656,16,16:50736656,META5,63,NOD2,A,rs6500328
A,52636242,16,16:52636242,META5,64,CASC16,C,rs3104783
A,52969426,16,16:52969426,META5,65,CHD9,G,rs10221156
C,7355621,17,17:7355621,META5,66,CHRNB1,A,rs12600861
C,40741013,17,17:40741013,META5,67,RETREG3,T,rs12951632
C,42294337,17,17:42294337,META5,68,UBTF,A,rs2269906
G,42434630,17,17:42434630,META5,68,FAM171A2,A,rs850738
T,43744203,17,17:43744203,META5,69,CRHR1,C,rs62053943
A,43798308,17,17:43798308,META5,69,CRHR1,G,rs117615688
A,44866805,17,17:44866805,META5,70,WNT3,G,rs11658976
T,59917366,17,17:59917366,META5,71,BRIP1,C,rs61169879
T,76425480,17,17:76425480,META5,72,DNAH17,A,rs666463
T,31304318,18,18:31304318,META5,73,ASXL3,G,rs1941685
G,40673380,18,18:40673380,META5,74,RIT2,A,rs12456492
G,48683589,18,18:48683589,META5,75,MEX3C,T,rs8087969
T,2341047,19,19:2341047,META5,76,SPPL2B,C,rs55818311
T,6006041,20,20:6006041,META5,77,CRLS1,C,rs77351827
A,38852361,21,21:38852361,META5,78,DYRK1A,G,rs2248244
A,112956055,10,10:112956055,Progression,1,ADRA2A,G,rs61863020
A,108058562,9,9:108058562,Progression,2,SLC44A1,T,rs382940
T,75599208,5,5:75599208,Asian,1,SV2C,C,rs246814
T,70750493,7,7:70750493,Asian,2,WBSCR17,G,rs9638616
