GWAS,LOC_NUM,RSID,Frequency_PD,Frequency_control,AFF,UNAFF,African,Ashkenazi Jewish,East Asian,European (Finnish),European (non-Finnish),Latino,Other
META5,1,rs114138760,0.0115,0.00939,3/488/20987,1/456/23931,0.0015,0.0034,0.0006,0.0055,0.0093,0.0059,0.0110
META5,1,rs35749011,0.02251,0.012830000000000001,16/935/20527,2/622/23764,0.0026,0.0069,0,0.0424,0.0139,0.0048,0.0186
META5,1,rs76763715,0.008037,0.0035590000000000005,3/234/14694,1/86/12276,0.0001,0.0278,0,0.0020,0.0018,0.0024,0.0046
META5,3,rs11578699,0.1885,0.1958,801/6496/14181,945/7659/15784,0.1779,0.1993,0.1712,0.1577,0.1869,0.1565,0.1744
META5,4,rs11557080,0.1485,0.1302,491/5398/15589,453/5446/18489,0.0288,0.1667,0.5418,0.1424,0.1319,0.1477,0.1435
META5,5,rs4653767,0.2776,0.2887,1658/8610/11210,2054/9975/12359,0.2413,0.2759,0.2890,0.2695,0.2700,0.3104,0.2606
META5,6,rs10797576,0.1489,0.1336,496/5404/15578,437/5643/18308,0.0729,0.1690,0.1435,0.0978,0.1266,0.1986,0.1289
META5,7,rs76116224,0.07931,0.09291,113/2101/12457,162/2959/14546,0.0180,0.0517,0.0013,0.0941,0.0981,0.0613,0.0746
META5,9,rs11683001,0.3389,0.3221,2466/9625/9387,2598/10517/11273,0.1406,0.4207,0.4929,0.2865,0.3080,0.2771,0.2827
META5,10,rs57891859,0.2783,0.2868,1704/8547/11227,2079/9830/12479,0.6222,0.3724,0.7526,0.2677,0.2825,0.4208,0.3214
META5,11,rs1474055,0.1451,0.1228,440/5354/15684,333/5323/18732,0.1672,0.0729,0.3213,0.1044,0.1198,0.2305,0.1414
META5,12,rs73038319,0.04482,0.038919999999999996,28/1469/15514,42/1590/19872,0.0066,0.0414,0,0.0546,0.0421,0.0071,0.0368
META5,15,rs55961674,0.1839,0.1666,735/6431/14312,714/6698/16976,0.1041,0.3182,0.1248,0.0956,0.1525,0.1304,0.1528
META5,16,rs11707416,0.3638,0.38,2841/9946/8691,3509/11517/9362,0.0809,0.3207,0.1360,0.4051,0.3809,0.2869,0.3801
META5,17,rs1450522,0.33299999999999996,0.3164,2403/9498/9577,2457/10518/11413,0.1702,0.3690,0.5413,0.3146,0.3092,0.4104,0.3223
META5,18,rs10513789,0.1702,0.19399999999999998,640/6029/14809,910/7641/15837,0.1887,0.2207,0.5755,0.2063,0.1925,0.3514,0.2164
META5,19,rs873786,0.09323,0.1032,196/3613/17669,258/4520/19610,0.0191,0.0972,0.0006,0.0567,0.0962,0.0578,0.0681
META5,19,rs34311866,0.2142,0.1799,1062/7076/13340,799/7175/16414,0.0331,0.3069,0.1292,0.2145,0.1897,0.0649,0.1893
META5,21,rs34025766,0.1545,0.1626,592/5451/15435,652/6627/17109,0.4524,0.2483,0.1375,0.0934,0.1500,0.1635,0.1360
META5,22,rs6825004,0.3068,0.3116,2039/9102/10337,2313/10574/11501,0.2100,0.4172,0.3900,0.2493,0.3085,0.5035,0.2943
META5,22,rs4101061,0.2929,0.2775,1860/8860/10758,1913/9709/12766,0.2586,0.3793,0.7766,0.3199,0.3005,0.4550,0.3603
META5,22,rs6854006,0.3526,0.3706,2751/9645/9082,3366/11344/9678,0.4491,0.2917,0.0804,0.3456,0.3611,0.2553,0.3398
META5,24,rs13117519,0.1853,0.1702,649/5786/12684,670/6433/15732,0.0513,0.1552,0.0913,0.1073,0.1681,0.1203,0.1504
META5,25,rs62333164,0.3139,0.3302,2061/9362/10055,2680/10744/10964,0.1654,0.2793,0.0700,0.3009,0.3309,0.1639,0.2985
META5,26,rs1867598,0.1107,0.09144,258/4241/16979,221/4018/20149,0.2249,0.1448,0.0488,0.0854,0.0976,0.0943,0.1123
META5,28,rs11950533,0.0931,0.1046,198/3603/17677,258/4586/19544,0.0390,0.0724,0.2622,0.1983,0.1101,0.2163,0.1489
META5,29,rs4140646,0.2271,0.2224,1130/7497/12851,1232/8382/14774,0.2497,0.1232,0.2087,0.2018,0.2137,0.2085,0.2072
META5,30,rs9261484,0.2291,0.2452,1160/7523/12795,1460/9039/13889,0.1466,0.2103,0.2985,0.3157,0.2763,0.2333,0.2537
META5,31,rs112485576,0.1356,0.1616,351/3957/12872,477/4993/12930,0.0861,0.1862,0.0799,0.1533,0.1537,0.2577,0.1303
META5,32,rs12528068,0.2947,0.2782,1850/8961/10667,1863/9845/12680,0.4043,0.3103,0.0726,0.2550,0.2764,0.1469,0.25
META5,33,rs997368,0.1942,0.19899999999999998,865/6610/14003,978/7750/15660,0.6996,0.3034,0.3414,0.1270,0.1757,0.2099,0.2188
META5,34,rs75859381,0.03406,0.028460000000000003,10/578/8190,17/766/13271,0.0055,0.0207,0.0333,0.0360,0.0310,0.1144,0.0341
META5,35,rs199351,0.3985,0.41600000000000004,3409/10301/7768,4184/11924/8280,0.8732,0.4069,0.3378,0.3824,0.4134,0.3499,0.4409
META5,36,rs76949143,0.05047,0.05219,38/1405/13228,56/1732/15879,0.0722,0.0241,0.1525,0.1519,0.0555,0.0972,0.0801
META5,37,rs1293298,0.2448,0.2639,1308/7901/12269,1736/9401/13251,0.3141,0.2724,0.0013,0.1805,0.2674,0.1380,0.2376
META5,38,rs620513,0.2572,0.2786,1430/8189/11859,1880/9828/12680,0.2909,0.3021,0.4313,0.3347,0.2899,0.3088,0.3087
META5,40,rs2086641,0.2803,0.2644,1157/5910/7604,1223/6895/9549,0.0753,0.3776,0.5090,0.1731,0.2582,0.3038,0.2440
META5,41,rs10756907,0.2528,0.2348,1392/8075/12011,1325/8804/14259,0.0423,0.2069,0.3765,0.2745,0.2451,0.2352,0.2325
META5,44,rs10748818,0.1502,0.1431,494/5466/15518,525/5930/17933,0.1395,0.1655,0.3325,0.1318,0.1399,0.1722,0.1443
META5,45,rs72840788,0.2223,0.2095,1124/7300/13054,1103/8011/15274,0.0365,0.2103,0.0032,0.2334,0.2061,0.1073,0.1731
META5,45,rs117896735,0.01999,0.01516,8/542/13409,5/497/16223,0.0031,0,0,0.0061,0.0140,0.0035,0.0083
META5,46,rs7938782,0.122,0.1268,363/4514/16601,403/5378/18607,0.3321,0.2207,0.1517,0.0965,0.1137,0.1285,0.1278
META5,47,rs12283611,0.4139,0.4211,3729/10323/7426,4340/11861/8187,0.5054,0.5103,0.2336,0.4591,0.4257,0.3597,0.4593
META5,48,rs3802920,0.2165,0.2004,1043/7214/13221,945/7886/15557,0.0530,0.25,0.1624,0.0876,0.1656,0.1627,0.1347
META5,49,rs76904798,0.1564,0.1406,558/5602/15318,486/5885/18017,0.0966,0.1172,0.0437,0.0844,0.1279,0.2590,0.1165
META5,49,rs34637584,0.007297,0.0005648,1/236/16072,0/20/17685,0.0001,0.0034,0,0,0.0003,0,0
META5,50,rs7134559,0.3954,0.4048,3403/10180/7895,4018/11708/8662,0.1137,0.4336,0.5906,0.4193,0.3794,0.3097,0.3528
META5,51,rs10847864,0.3822,0.353,2265/7398/5940,2557/9141/8495,0.0908,0.4103,0.5135,0.3339,0.3301,0.3608,0.3564
META5,52,rs11610045,0.4881,0.4804,5188/10592/5698,5614/12206/6568,0.2754,0.3931,0.1345,0.4893,0.5044,0.2506,0.4807
META5,53,rs9568188,0.2447,0.2596,1305/7903/12270,1648/9365/13375,0.5718,0.1931,0.6290,0.3297,0.2839,0.3373,0.3201
META5,56,rs11158026,0.2955,0.318,1892/8908/10678,2456/10600/11332,0.6718,0.2743,0.5672,0.3938,0.3347,0.4043,0.3632
META5,57,rs3742785,0.2125,0.2176,693/4848/9130,825/6039/10803,0.5247,0.1345,0.2179,0.2808,0.2144,0.2969,0.2547
META5,58,rs979812,0.4519,0.4381,4382/10646/6450,4701/11965/7722,0.3198,0.4690,0.6750,0.4135,0.4224,0.5391,0.4124
META5,63,rs6500328,0.3881,0.3992,2193/7002/5476,2854/8397/6416,0.4576,0.5276,0.1825,0.4128,0.4028,0.3519,0.3741
META5,64,rs3104783,0.449,0.426,4345/10596/6537,4520/11738/8130,0.5351,0.5586,0.7796,0.3579,0.4208,0.5378,0.4630
META5,65,rs10221156,0.08841,0.09532,137/2320/12214,153/3062/14452,0.0148,0.1310,0.0385,0.0899,0.0961,0.0757,0.0958
META5,66,rs12600861,0.3583,0.3485,2760/9873/8845,2995/11009/10384,0.3689,0.3438,0.2085,0.4385,0.3656,0.3705,0.3974
META5,67,rs12951632,0.2623,0.2737,1470/8328/11680,1838/9676/12874,0.2058,0.2172,0.4292,0.2324,0.2555,0.1915,0.3019
META5,68,rs2269906,0.3351,0.3378,1691/6450/6530,2063/7809/7795,0.8730,0.4759,0.7824,0.2848,0.3531,0.4245,0.3773
META5,68,rs850738,0.4102,0.3993,2369/6718/4878,2768/8243/6242,0.7240,0.4621,0.4739,0.4431,0.4184,0.2831,0.4572
META5,69,rs62053943,0.1282,0.1602,295/3603/12455,538/5644/14788,0.0284,0.1181,0.0013,0.0501,0.1422,0.1002,0.1114
META5,69,rs117615688,0.053860000000000005,0.06891,20/476/4294,11/256/1750,0.0093,0.0862,0,0.0182,0.0535,0.0437,0.0460
META5,71,rs61169879,0.1775,0.1611,489/4230/9952,473/4747/12447,0.0745,0.1678,0.5548,0.2679,0.1679,0.1769,0.1744
META5,72,rs666463,0.1667,0.1722,627/5908/14943,742/6915/16731,0.1705,0.1621,0.0365,0.1084,0.1578,0.0908,0.1335
META5,73,rs1941685,0.5035,0.4943,5508/10612/5358,5963/12183/6242,0.7341,0.5586,0.8887,0.5678,0.5013,0.7239,0.5350
META5,74,rs12456492,0.3355,0.3158,2431/9548/9499,2488/10428/11472,0.3080,0.3,0.3798,0.3643,0.3301,0.3551,0.3386
META5,75,rs8087969,0.4523,0.4477,3079/7114/4478,3563/8694/5410,0.1895,0.4310,0.2757,0.4294,0.4635,0.3310,0.4374
META5,77,rs77351827,0.1314,0.1228,370/4905/16203,397/5197/18794,0.0195,0.1483,0,0.1248,0.1127,0.0697,0.0855
META5,78,rs2248244,0.3009,0.27699999999999997,1348/6132/7191,1404/6980/9283,0.2715,0.2172,0.3454,0.3442,0.2991,0.2754,0.3041
META5,2,rs6658353,0.5014,0.4934,5465/10610/5403,5945/12175/6268,0.4617,0.5938,0.7155,0.5009,0.4979,0.5696,0.5213
META5,4,rs823118,0.4059,0.4371,3590/10256/7632,4666/11989/7733,0.7729,0.4444,0.4554,0.4165,0.44089999999999996,0.6052,0.4871
META5,8,rs2042477,0.2199,0.2329,718/5015/8938,925/6380/10362,0.11729999999999996,0.2138,0.4396,0.2359,0.24270000000000003,0.3762,0.23250000000000004
META5,13,rs6808178,0.3885,0.3726,3228/10231/8019,3429/11318/9641,0.1028,0.36550000000000005,0.1996,0.42290000000000005,0.40469999999999995,0.24650000000000005,0.40059999999999996
META5,14,rs12497850,0.3513,0.3609,2663/9766/9049,3202/11201/9985,0.5052,0.2931,0.03280000000000005,0.3389,0.35940000000000005,0.23219999999999996,0.3355
META5,20,rs4698412,0.4357,0.4588,4125/10465/6888,5206/11965/7217,0.8336,0.41379999999999995,0.6403,0.4323,0.4535,0.4716,0.4688
META5,23,rs356182,0.3962,0.3395,2560/7615/5898,2159/8300/8125,0.31010000000000004,0.2966,0.6679999999999999,0.34850000000000003,0.34950000000000003,0.4434,0.3488
META5,23,rs5019538,0.3329,0.2995,2440/9418/9620,2194/10218/11976,0.2136,0.269,0.0006000000000000449,0.25860000000000005,0.3087,0.18289999999999995,0.2542
META5,27,rs26431,0.2903,0.3029,1802/8864/10812,2255/10263/11870,0.14049999999999996,0.269,0.44720000000000004,0.32799999999999996,0.30779999999999996,0.22330000000000005,0.27159999999999995
META5,39,rs2280104,0.3802,0.3581,3074/10182/8222,3166/11133/10089,0.1139,0.3862,0.1765,0.3063,0.36119999999999997,0.24060000000000004,0.3278
META5,41,rs13294100,0.3267,0.3448,2333/9369/9776,2927/10965/10496,0.7674,0.30689999999999995,0.5362,0.357,0.3742,0.5024,0.39670000000000005
META5,42,rs6476434,0.2782,0.2666,1636/8677/11165,1767/9472/13149,0.44810000000000005,0.2639,0.16259999999999997,0.25680000000000003,0.2659,0.20330000000000004,0.2895
META5,43,rs896435,0.2989,0.3157,1930/8979/10569,2462/10477/11449,0.8483,0.32289999999999996,0.5720000000000001,0.4175,0.3236,0.355,0.375
META5,54,rs4771268,0.2393,0.22699999999999998,1239/7800/12439,1242/8587/14559,0.1531,0.27590000000000003,0.3792,0.2168,0.21130000000000004,0.18320000000000003,0.21419999999999995
META5,55,rs12147950,0.4296,0.4429,3989/10476/7013,4780/12043/7565,0.6269,0.46209999999999996,0.4891,0.3972,0.4265,0.47519999999999996,0.4586
META5,59,rs2251086,0.1255,0.1427,320/4749/16409,513/5936/17939,0.37339999999999995,0.15169999999999995,0.1624,0.14659999999999995,0.15990000000000004,0.14149999999999996,0.1694
META5,60,rs6497339,0.4615,0.4499,3347/7690/4548,4239/10217/6319,0.33930000000000005,0.4414,0.013499999999999956,0.4033,0.4364,0.26949999999999996,0.37660000000000005
META5,61,rs2904880,0.2906,0.3077,1860/8763/10855,2325/10357/11706,0.05700000000000005,0.20340000000000003,0.08889999999999998,0.3117,0.3284,0.41369999999999996,0.2976
META5,62,rs11150601,0.331,0.3622,2359/9501/9618,3196/11276/9916,0.7294,0.3264,0.08309999999999995,0.3305,0.37749999999999995,0.42200000000000004,0.4161
META5,70,rs11658976,0.391,0.3825,2266/6942/5463,2609/8297/6761,0.32899999999999996,0.39239999999999997,0.6121,0.4196,0.4092,0.5142,0.3944
META5,76,rs55818311,0.325,0.3075,1594/6348/6729,1706/7454/8507,0.41300000000000003,0.33330000000000004,0.6815,0.3124,0.3277,0.3637,0.3346
Progression,1,rs61863020,0.3184,0.3233,1528/6286/6857,1852/7718/8097,0.5682,0.2448,0.5543,0.4004,0.3387,0.5839,0.4221
Progression,2,rs382940,0.08479,0.08205,124/2240/12307,111/2677/14879,0.3498,0.0694,0.1123,0.1221,0.0834,0.1730,0.1319
Asian,1,rs246814,0.08742,0.07975,157/3441/17880,146/3598/20644,0.1151,0.1,0.0860,0.1143,0.0789,0.1238,0.0965
Asian,2,rs9638616,0.3082,0.316,1423/6196/7052,1797/7570/8300,0.4735,0.2379,0.4736,0.3829,0.3473,0.3550,0.3667
