SNP,CHR:BP (hg19),full region (hg19),Locus Number,UCSC map link
rs114138760,2581637:25:00,1:153898185-155898185,1,https://genome.ucsc.edu/s/IPDGC/rs114138760
rs35749011,2585584:56:00,1:154135036-156135036,1,https://genome.ucsc.edu/s/IPDGC/rs35749011
rs76763715,2586761:34:00,1:154205634-156205634,1,https://genome.ucsc.edu/s/IPDGC/rs76763715
rs6658353,2691151:54:00,1:160469054-162469054,2,https://genome.ucsc.edu/s/IPDGC/rs6658353
rs11578699,2861997:09:00,1:170719769-172719769,3,https://genome.ucsc.edu/s/IPDGC/rs11578699
rs823118,3428727:12:00,1:204723572-206723572,4,https://genome.ucsc.edu/s/IPDGC/rs823118
rs11557080,3428963:19:00,1:204737739-206737739,4,https://genome.ucsc.edu/s/IPDGC/rs11557080
rs4653767,3781935:38:00,1:225916078-227916078,5,https://genome.ucsc.edu/s/IPDGC/rs4653767
rs10797576,3877744:31:00,1:231664611-233664611,6,https://genome.ucsc.edu/s/IPDGC/rs10797576
rs76116224,302466:08:00,2:17147848-19147848,7,https://genome.ucsc.edu/s/IPDGC/rs76116224
rs2042477,1600017:43:00,2:95000943-97000943,8,https://genome.ucsc.edu/s/IPDGC/rs2042477
rs11683001,1706618:03:00,2:101396963-103396963,9,https://genome.ucsc.edu/s/IPDGC/rs11683001
rs57891859,2257745:36:00,2:134464616-136464616,10,https://genome.ucsc.edu/s/IPDGC/rs57891859
rs1474055,2818508:34:00,2:168110394-170110394,11,https://genome.ucsc.edu/s/IPDGC/rs1474055
rs73038319,306032:19:00,3:17361759-19361759,12,https://genome.ucsc.edu/s/IPDGC/rs73038319
rs6808178,478431:10:00,3:27705690-29705690,13,https://genome.ucsc.edu/s/IPDGC/rs6808178
rs12497850,812486:09:00,3:47748989-49748989,14,https://genome.ucsc.edu/s/IPDGC/rs12497850
rs55961674,2036617:52:00,3:121196892-123196892,15,https://genome.ucsc.edu/s/IPDGC/rs55961674
rs11707416,2518485:45:00,3:150108965-152108965,16,https://genome.ucsc.edu/s/IPDGC/rs11707416
rs1450522,2684630:10:00,3:160077630-162077630,17,https://genome.ucsc.edu/s/IPDGC/rs1450522
rs10513789,3046004:13:00,3:181760073-183760073,18,https://genome.ucsc.edu/s/IPDGC/rs10513789
rs873786,15426:56:00,4:0-1925376,19,https://genome.ucsc.edu/s/IPDGC/rs873786
rs34311866,15869:47:00,4:0-1951947,19,https://genome.ucsc.edu/s/IPDGC/rs34311866
rs4698412,262293:08:00,4:14737348-16737348,20,https://genome.ucsc.edu/s/IPDGC/rs4698412
rs34025766,299484:11:00,4:16968811-18968811,21,https://genome.ucsc.edu/s/IPDGC/rs34025766
rs6825004,1285176:45:00,4:76110365-78110365,22,https://genome.ucsc.edu/s/IPDGC/rs6825004
rs4101061,1285803:29:00,4:76147969-78147969,22,https://genome.ucsc.edu/s/IPDGC/rs4101061
rs6854006,1286638:14:00,4:76198054-78198054,22,https://genome.ucsc.edu/s/IPDGC/rs6854006
rs356182,1510439:11:00,4:89626111-91626111,23,https://genome.ucsc.edu/s/IPDGC/rs356182
rs5019538,1510614:30:00,4:89636630-91636630,23,https://genome.ucsc.edu/s/IPDGC/rs5019538
rs13117519,1906155:05:00,4:113369065-115369065,24,https://genome.ucsc.edu/s/IPDGC/rs13117519
rs62333164,2843056:37:00,4:169583157-171583157,25,https://genome.ucsc.edu/s/IPDGC/rs62333164
rs1867598,1002304:19:00,5:59137959-61137959,26,https://genome.ucsc.edu/s/IPDGC/rs1867598
rs26431,1706101:34:00,5:101365794-103365794,27,https://genome.ucsc.edu/s/IPDGC/rs26431
rs11950533,2236656:45:00,5:133199105-135199105,28,https://genome.ucsc.edu/s/IPDGC/rs11950533
rs4140646,462319:21:00,6:26738801-28738801,29,https://genome.ucsc.edu/s/IPDGC/rs4140646
rs9261484,501817:23:00,6:29108683-31108683,30,https://genome.ucsc.edu/s/IPDGC/rs9261484
rs112485576,542985:32:00,6:31578772-33578772,31,https://genome.ucsc.edu/s/IPDGC/rs112485576
rs12528068,1208135:22:00,6:71487762-73487762,32,https://genome.ucsc.edu/s/IPDGC/rs12528068
rs997368,1870727:31:00,6:111243291-113243291,33,https://genome.ucsc.edu/s/IPDGC/rs997368
rs75859381,2220178:41:00,6:132210361-134210361,34,https://genome.ucsc.edu/s/IPDGC/rs75859381
rs199351,388341:09:00,7:22300049-24300049,35,https://genome.ucsc.edu/s/IPDGC/rs199351
rs76949143,1100171:11:00,7:65009851-67009851,36,https://genome.ucsc.edu/s/IPDGC/rs76949143
rs1293298,195215:23:00,8:10712443-12712443,37,https://genome.ucsc.edu/s/IPDGC/rs1293298
rs620513,278301:13:00,8:15697593-17697593,38,https://genome.ucsc.edu/s/IPDGC/rs620513
rs2280104,375441:00:00,8:21525980-23525980,39,https://genome.ucsc.edu/s/IPDGC/rs2280104
rs2086641,2181706:29:00,8:129901909-131901909,40,https://genome.ucsc.edu/s/IPDGC/rs2086641
rs13294100,293003:50:00,9:16579690-18579690,41,https://genome.ucsc.edu/s/IPDGC/rs13294100
rs10756907,295460:05:00,9:16727065-18727065,41,https://genome.ucsc.edu/s/IPDGC/rs10756907
rs6476434,567448:51:00,9:33046391-35046391,42,https://genome.ucsc.edu/s/IPDGC/rs6476434
rs896435,259300:06:00,10:14557406-16557406,43,https://genome.ucsc.edu/s/IPDGC/rs896435
rs10748818,1733597:59:00,10:103015279-105015279,44,https://genome.ucsc.edu/s/IPDGC/rs10748818
rs72840788,2023604:45:00,10:120415685-122415685,45,https://genome.ucsc.edu/s/IPDGC/rs72840788
rs117896735,2025615:27:00,10:120536327-122536327,45,https://genome.ucsc.edu/s/IPDGC/rs117896735
rs7938782,175990:37:00,11:9558777-11558777,46,https://genome.ucsc.edu/s/IPDGC/rs7938782
rs12283611,1391465:37:00,11:82487277-84487277,47,https://genome.ucsc.edu/s/IPDGC/rs12283611
rs3802920,2229794:21:00,11:132787001-134787001,48,https://genome.ucsc.edu/s/IPDGC/rs3802920
rs76904798,676919:14:00,12:39614434-41614434,49,https://genome.ucsc.edu/s/IPDGC/rs76904798
rs34637584,678915:22:00,12:39734202-41734202,49,https://genome.ucsc.edu/s/IPDGC/rs34637584
rs7134559,773663:26:00,12:45419086-47419086,50,https://genome.ucsc.edu/s/IPDGC/rs7134559
rs10847864,2055455:18:00,12:122326598-124326598,51,https://genome.ucsc.edu/s/IPDGC/rs10847864
rs11610045,2217741:28:00,12:132063768-134063768,52,https://genome.ucsc.edu/s/IPDGC/rs11610045
rs9568188,832141:52:00,13:48927732-50927732,53,https://genome.ucsc.edu/s/IPDGC/rs9568188
rs4771268,1631096:41:00,13:96865021-98865021,54,https://genome.ucsc.edu/s/IPDGC/rs4771268
rs12147950,633168:30:00,14:36989270-38989270,55,https://genome.ucsc.edu/s/IPDGC/rs12147950
rs11158026,922495:09:00,14:54348869-56348869,56,https://genome.ucsc.edu/s/IPDGC/rs11158026
rs3742785,1256231:14:00,14:74373034-76373034,57,https://genome.ucsc.edu/s/IPDGC/rs3742785
rs979812,1474418:24:00,14:87464264-89464264,58,https://genome.ucsc.edu/s/IPDGC/rs979812
rs2251086,1033304:45:00,15:60997385-62997385,59,https://genome.ucsc.edu/s/IPDGC/rs2251086
rs6497339,321307:33:00,16:18277493-20277493,60,https://genome.ucsc.edu/s/IPDGC/rs6497339
rs2904880,482422:36:00,16:27944396-29944396,61,https://genome.ucsc.edu/s/IPDGC/rs2904880
rs11150601,516312:39:00,16:29977799-31977799,62,https://genome.ucsc.edu/s/IPDGC/rs11150601
rs6500328,845626:56:00,16:49736656-51736656,63,https://genome.ucsc.edu/s/IPDGC/rs6500328
rs3104783,877286:42:00,16:51636242-53636242,64,https://genome.ucsc.edu/s/IPDGC/rs3104783
rs10221156,882839:46:00,16:51969426-53969426,65,https://genome.ucsc.edu/s/IPDGC/rs10221156
rs12600861,122610:41:00,17:6355621-8355621,66,https://genome.ucsc.edu/s/IPDGC/rs12600861
rs12951632,679033:53:00,17:39741013-41741013,67,https://genome.ucsc.edu/s/IPDGC/rs12951632
rs2269906,704922:37:00,17:41294337-43294337,68,https://genome.ucsc.edu/s/IPDGC/rs2269906
rs850738,707260:50:00,17:41434630-43434630,68,https://genome.ucsc.edu/s/IPDGC/rs850738
rs62053943,729087:03:00,17:42744203-44744203,69,https://genome.ucsc.edu/s/IPDGC/rs62053943
rs117615688,729988:48:00,17:42798308-44798308,69,https://genome.ucsc.edu/s/IPDGC/rs117615688
rs11658976,747797:05:00,17:43866805-45866805,70,https://genome.ucsc.edu/s/IPDGC/rs11658976
rs61169879,998639:46:00,17:58917366-60917366,71,https://genome.ucsc.edu/s/IPDGC/rs61169879
rs666463,1273775:00:00,17:75425480-77425480,72,https://genome.ucsc.edu/s/IPDGC/rs666463
rs1941685,521756:38:00,18:30304318-32304318,73,https://genome.ucsc.edu/s/IPDGC/rs1941685
rs12456492,677907:40:00,18:39673380-41673380,74,https://genome.ucsc.edu/s/IPDGC/rs12456492
rs8087969,811411:09:00,18:47683589-49683589,75,https://genome.ucsc.edu/s/IPDGC/rs8087969
rs55818311,39036:27:00,19:1341047-3341047,76,https://genome.ucsc.edu/s/IPDGC/rs55818311
rs77351827,100120:41:00,20:5006041-7006041,77,https://genome.ucsc.edu/s/IPDGC/rs77351827
rs2248244,647560:21:00,21:37852361-39852361,78,https://genome.ucsc.edu/s/IPDGC/rs2248244