rsid1,snp1,rsid2,snp2,r2,dprime
rs114138760,1:154898185,rs2230288,1:155206167,0.000183319, 1
rs114138760,1:154898185,rs76763715,1:155205634,5.83634e-05, 1
rs114138760,1:154898185,rs2270927,5:75591710,8.41033e-06, 0.0847743
rs114138760,1:154898185,rs31244,5:75594743,9.65761e-07, 0.03184
rs35749011,1:155135036,rs2230288,1:155206167,0.937428, 0.973508
rs35749011,1:155135036,rs76763715,1:155205634,0.000100534, 1
rs35749011,1:155135036,rs2270927,5:75591710,1.85364e-09, 0.000108188
rs35749011,1:155135036,rs31244,5:75594743,5.46685e-06, 0.00530097
rs76763715,1:155205634,rs2230288,1:155206167,9.99615e-05, 1
rs76763715,1:155205634,rs2270927,5:75591710,0.000617573, 0.106675
rs76763715,1:155205634,rs31244,5:75594743,0.000318735, 0.0696651
rs6658353,1:161469054,rs1801274,1:161479745,0.979216, 0.991281
rs2042477,2:96000943,rs12992066,2:95947085,0.893794, 0.950602
rs55961674,3:122196892,rs34173813,3:122060404,0.623141, 0.850719
rs55961674,3:122196892,rs28365795,3:122259640,0.918065, 0.991427
rs55961674,3:122196892,rs34006803,3:122277268,0.666988, 0.987052
rs11707416,3:151108965,rs3732765,3:151090424,0.987727, 0.998824
rs10513789,3:182760073,rs2270968,3:182755209,0.6549, 0.997763
rs873786,4:925376,rs34884217,4:944210,0.941721, 0.97084
rs873786,4:925376,rs34311866,4:951947,0.00988178, 0.609026
rs34311866,4:951947,rs34884217,4:944210,0.00958575, 0.599577
rs34025766,4:17968811,rs3795243,4:17829990,0.606904, 0.906582
rs26431,5:102365794,rs34813,5:102433409,0.914949, 0.968281
rs11950533,5:134199105,rs12657663,5:134076812,0.901813, 0.971596
rs9261484,6:30108683,rs757262,6:30114955,0.860435, 0.998753
rs9261484,6:30108683,rs757259,6:30115542,0.860435, 0.998753
rs9261484,6:30108683,rs929156,6:30139699,0.849744, 0.946846
rs112485576,6:32578772,rs9272785,6:32610401,0.890122, 0.992051
rs75859381,6:133210361,rs41286192,6:133118216,0.873338, 0.93751
rs6476434,9:34046391,rs307658,9:33941759,0.626213, 0.997868
rs6476434,9:34046391,rs1785506,9:34017106,0.62743, 0.998721
rs72840788,10:121415685,rs2234962,10:121429633,0.992531, 0.996837
rs117896735,10:121536327,rs2234962,10:121429633,0.00481972, 1
rs76904798,12:40614434,rs34637584,12:40734202,0.000660681, 1
rs7134559,12:46419086,rs7315731,12:46321514,0.617866, 0.92881
rs12147950,14:37989270,rs7144658,14:38061742,0.674299, 0.867869
rs2904880,16:28944396,rs7498665,16:28883241,0.662944, 0.95935
rs11150601,16:30977799,rs35675346,16:30936081,0.539378, 0.990509
rs11150601,16:30977799,rs9938550,16:30999142,0.982112, 0.991421
rs11150601,16:30977799,rs35713203,16:31090407,0.738623, 0.866943
rs11150601,16:30977799,rs7196726,16:31092075,0.765559, 0.896604
rs11150601,16:30977799,rs7199949,16:31096164,0.767134, 0.898632
rs12951632,17:40741013,rs665268,17:40722029,0.996507, 0.999111
rs2269906,17:42294337,rs5911,17:42453065,0.00773462, 0.156055
rs850738,17:42434630,rs5911,17:42453065,0.912299, 0.990433
rs62053943,17:43744203,rs16940681,17:43912159,0.656806, 0.997913
rs62053943,17:43744203,rs62621252,17:43922942,0.656806, 0.997546
rs62053943,17:43744203,rs62054815,17:43923266,0.656698, 0.997791
rs62053943,17:43744203,rs12185233,17:43923654,0.656698, 0.997791
rs62053943,17:43744203,rs12185268,17:43923683,0.656698, 0.997791
rs62053943,17:43744203,rs12373123,17:43924073,0.656698, 0.997791
rs62053943,17:43744203,rs12373139,17:43924130,0.656698, 0.997791
rs62053943,17:43744203,rs12373142,17:43924200,0.656106, 0.99681
rs117615688,17:43798308,rs16940681,17:43912159,0.253296, 0.998187
rs117615688,17:43798308,rs62621252,17:43922942,0.251248, 0.992752
rs117615688,17:43798308,rs62054815,17:43923266,0.254336, 1
rs117615688,17:43798308,rs12185233,17:43923654,0.254336, 1
rs117615688,17:43798308,rs12185268,17:43923683,0.254336, 1
rs117615688,17:43798308,rs12373123,17:43924073,0.254336, 1
rs117615688,17:43798308,rs12373139,17:43924130,0.254336, 1
rs117615688,17:43798308,rs12373142,17:43924200,0.254573, 1
rs666463,17:76425480,rs61742072,17:76433899,0.902892, 0.968609
rs1941685,18:31304318,rs2282632,18:31320229,0.890114, 0.958323
rs1941685,18:31304318,rs7232237,18:31324934,0.854411, 0.936107
rs77351827,20:6006041,rs6085343,20:5986950,0.973083, 0.995845
rs77351827,20:6006041,rs41282950,20:6011934,0.983308, 0.999704
rs77351827,20:6006041,rs6107751,20:6033033,0.68409, 0.981664
rs61863020,10:112956055,rs2230288,1:155206167,4.12468e-05, 0.0326792
rs61863020,10:112956055,rs76763715,1:155205634,1.5708e-05, 0.0704259
rs61863020,10:112956055,rs2270927,5:75591710,8.09534e-06, 0.00577648
rs61863020,10:112956055,rs31244,5:75594743,9.6473e-07, 0.00223233
rs382940,9:108058562,rs1801274,1:161479745,5.19131e-07, 0.00234178
rs246814,5:75599208,rs2230288,1:155206167,4.98168e-06, 0.00509016
rs246814,5:75599208,rs76763715,1:155205634,0.000317497, 0.0695544
rs246814,5:75599208,rs2270927,5:75591710,0.812075, 0.998372
rs246814,5:75599208,rs31244,5:75594743,0.998003, 0.999429
rs9638616,7:70750493,rs1801274,1:161479745,6.5345e-05, 0.0117488
