"GENE","Pval.Imputed","Pval.Exome"
"AADAC",NA,0.213972772643765
"AADACL2",NA,0.00386624645309275
"AADACL2-AS1",NA,NA
"AADACP1",NA,NA
"AADAT",0.256993,0.753128998272314
"AARSD1",0.439516,0.324620964053961
"ABCA1",0.131112,0.158126790422947
"ABCA11P",0.183683,0.0203584827056593
"ABCB11",0.194714,0.353492138392503
"ABCB9",0.389475,0.07226658341587
"ABCC5",0.241477,0.130914631119296
"ABCC5-AS1",NA,NA
"ABCC6P1",NA,NA
"ABCD2",0.00032135,0.115028313167136
"ABCD4",0.888121,0.0038367215537457
"ABCF1",0.396941,0.0437474987601449
"ABHD16A",0.333932,0.419442909715829
"ABHD17A",NA,NA
"ACAD8",0.492685,0.139381819979249
"ACADVL",0.84758,0.152912755081117
"ACAP1",0.685493,0.20227396820217
"ACBD3",0.154033,0.0482687672791286
"ACBD3-AS1",NA,NA
"ACBD4",NA,0.282662488796975
"ACBD7",0.333159,0.00608186388637455
"ACBD7-DCLRE1CP1",NA,NA
"ACLY",0.332535,0.16018675010013
"ACMSD",NA,0.549062529844467
"ACTR1A",NA,0.493074860157551
"ACYP1",NA,0.227121626663516
"ADAM11",0.361974,0.436306088099198
"ADAM15",0.908846,0.339151715965105
"ADAMTS4",0.413557,0.0033415435041268
"ADAMTSL1",0.0594286,1.70864973463303e-05
"ADAMTSL5",0.176958,0.882059346605054
"ADAR",NA,0.468150608779951
"ADAT3",1,0.22219516998989
"ADCY5",0.851197,0.0128669075760979
"ADCY7",0.603832,0.290093509767757
"ADCY8",0.155731,0.528992050530887
"ADM",0.927599,0.0639838081975393
"ADRA2A",0.406743,0.679981905819281
"ADRA2B",0.590681,0.315279434222355
"AFMID",0.188033,0.0077454993281488
"AGER",0.324474,0.215878829549961
"AGGF1",0.64995,0.016296447730446
"AGPAT1",NA,0.214852315401191
"AHSP",0.215073,0.859599066869428
"AIF1",0.958209,0.46115091640443
"AKTIP",0.202195,0.277224338201868
"ALDH6A1",1,0.140524820843271
"ALDOA",NA,0.713576042484207
"ALOX12",0.0315656,0.323390632883671
"ALOX12-AS1",NA,NA
"ALOX12B",0.108717,0.00414181827075775
"ALOX12P2",NA,NA
"ALOX15B",0.0118765,0.0596202827987361
"ALOX15P1",NA,NA
"ALOXE3",0.459977,0.139521850163287
"AMH",0.352499,0.660346765936415
"AMPD3",0.126466,0.0738669248855033
"AMT",0.19659,0.621386546913998
"ANHX",NA,NA
"ANK2",NA,0.0154347299715744
"ANKDD1B",NA,NA
"ANKLE2",0.0200118,0.0185658288391261
"ANKRD18B",NA,NA
"ANKRD20A8P",NA,NA
"ANKRD36C",NA,NA
"ANKRD42",0.171699,0.477253316395152
"ANO6",0.624966,0.211133972235756
"ANXA2P2",NA,NA
"AOC2",0.652624,0.265208346012898
"AOC3",0.372885,0.066162724367522
"AOC4P",NA,NA
"AP3D1",0.248763,0.10109115251999
"APC2",0.109287,0.00254189643886416
"APEH",NA,0.0549010017965027
"APOA2",NA,0.353428561371818
"APOBR",0.0167162,0.213650883055117
"APOM",0.102545,0.141774532306158
"AQP10",0.731572,0.0431473296398084
"AQP3",NA,0.241916729930403
"AQP7",NA,0.000403361098226362
"AREL1",NA,NA
"ARGFX",1,0.0445043154210222
"ARHGAP27",0.714949,0.440619541430609
"ARHGAP30",0.237344,0.0916296485315888
"ARHGEF15",0.259669,0.0378682431220654
"ARHGEF2",NA,0.585776725836275
"ARID2",0.91576,0.115715952276221
"ARID3C",0.198018,0.370195711753099
"ARIH2",0.0468573,0.277290055168055
"ARIH2OS",NA,NA
"ARL11",0.2051,0.00515777630392056
"ARL14",0.577252,0.0901837061351562
"ARL17A",NA,0.047384654396307
"ARL17B",NA,0.138391803079828
"ARL3",NA,0.0657334215091541
"ARL4D",NA,0.152293453651621
"ARL6IP1",NA,0.578382676463185
"ARL6IP4",0.0559954,0.0520657035289609
"ARMC5",0.644121,0.188426862368963
"ARMH3",NA,NA
"ARSJ",0.245288,0.253433993418819
"ART3",0.0446115,0.124286683338048
"AS3MT",0.561781,0.151634891309078
"ASAP1",0.657571,0.155892301730871
"ASAP1-IT1",NA,NA
"ASAP1-IT2",NA,NA
"ASB16",0.539963,0.161228731826164
"ASB16-AS1",NA,NA
"ASGR1",NA,0.379281671173652
"ASGR2",NA,0.109146672994037
"ASH1L",0.242126,0.107834739533208
"ASH1L-AS1",NA,NA
"ASL",0.459125,0.0581331248343166
"ASPHD1",NA,0.714762167418501
"ASTL",0.251322,0.193299125319107
"ASXL3",0.71859,0.0632902114515015
"ATAT1",0.442011,0.212259863690535
"ATF6",0.12141,0.114906976153321
"ATF6B",0.725852,0.0215975998633326
"ATG14",0.829802,0.27645831272918
"ATP11B",0.718424,0.202622523977368
"ATP1B2",NA,0.232030258146514
"ATP2A1",NA,0.036692791259423
"ATP2A1-AS1",NA,NA
"ATP5ME",NA,NA
"ATP6V0A1",0.211057,0.541925528339446
"ATP6V0A2",0.0461129,0.538758915013442
"ATP8B2",0.431654,0.179433557894158
"ATP8B3",0.787314,0.0581821004117353
"ATRIP",0.305306,0.00629733541225974
"ATRIP-TREX1",NA,NA
"ATXN2L",0.00884916,0.0951786171546582
"ATXN7L3",NA,0.60528238508502
"AURKB",0.0767193,0.317527342018407
"AUTS2",0.00837731,0.162773510396209
"AVPR1B",NA,0.276565059356264
"AZI2",NA,0.301205398515738
"B3GALNT1",0.941124,0.440692250295842
"B3GALT1",0.000352006,0.150722284874604
"B3GALT4",NA,0.177448202255313
"B3GAT1",NA,0.0750156851323786
"B3GAT2",NA,0.154336904596861
"B3GNT4",0.942797,0.236058286881608
"B3GNT5",0.0487262,0.41752800735286
"B4GALT1",NA,0.318285754854992
"B4GALT1-AS1",NA,NA
"B4GALT3",0.333912,0.255891616822273
"BAG1",NA,0.413371828884183
"BAG3",0.557053,0.246263008945301
"BAG6",0.869746,0.000204723802168738
"BAK1",NA,0.446107637404649
"BATF",NA,0.524937162980931
"BBIP1",NA,NA
"BBOF1",NA,NA
"BCAS3",0.023597,0.196342448577238
"BCKDK",NA,0.421617599782647
"BCL6B",0.260492,0.108813539775449
"BCL7A",0.363705,0.455481695677387
"BCL7C",NA,0.094782720371248
"BECN1",0.140886,0.00380813602285914
"BIN3",0.218798,0.0539936477364317
"BIN3-IT1",NA,NA
"BIRC5",0.14859,0.322748204807982
"BLACAT1",NA,NA
"BLK",0.0955456,0.613885593372089
"BMP1",0.27136,0.0308245793302683
"BMP2",0.22957,0.191676361777007
"BMP4",NA,4.16228876416369e-07
"BNC2",0.548721,0.0324908552872881
"BNC2-AS1",NA,NA
"BOLA2",NA,0.0823177601166984
"BOLA2-SMG1P6",NA,NA
"BOLA2B",NA,0.0823177601166984
"BORCS6",NA,NA
"BORCS7",NA,NA
"BORCS7-ASMT",NA,NA
"BRCA1",0.196437,0.0101029828239664
"BRD2",0.799952,0.240733180225355
"BRD7",NA,0.314290370175189
"BRIP1",0.5502,0.265541784734331
"BSN",0.126352,0.0843544066405033
"BSN-DT",NA,NA
"BST1",0.0069571,0.22699239362743
"BTBD2",0.0411251,0.566970072225085
"BTNL2",0.0666448,0.012528672953692
"BTRC",0.321219,0.626831129188812
"C10orf95",NA,0.0586836330720263
"C12orf40",0.0358201,0.0616483681959228
"C12orf65",0.066349,0.0365586023296314
"C16orf54",NA,0.00245621008692887
"C16orf58",0.57453,0.173267815314559
"C16orf92",0.0162472,0.0945069436997178
"C16orf97",NA,NA
"C17orf100",0.312644,0.524353858780746
"C17orf113",NA,NA
"C17orf49",0.78052,0.152552983571454
"C17orf53",0.68444,0.0341210662804003
"C17orf82",0.575065,0.157889442564971
"C17orf99",0.168293,NA
"C19orf25",0.948743,0.390635826828234
"C1QL1",NA,0.863046117005861
"C1QL3",NA,NA
"C1QTNF1",0.0708012,0.259016842749652
"C1QTNF1-AS1",NA,NA
"C1QTNF7",0.369871,0.425813704341206
"C1orf105",0.156283,0.418747622238402
"C1orf189",NA,0.72290206542779
"C1orf226",0.757371,0.459934906278182
"C1orf43",0.936493,0.187707111993883
"C2",0.218161,0.0107224633775174
"C2-AS1",NA,NA
"C2CD4A",0.614313,0.177101909520794
"C2CD4B",NA,0.254214416497928
"C3orf62",0.35265,0.248229416453008
"C3orf84",NA,NA
"C4A",NA,0.191683983215719
"C4B",NA,0.191683983215719
"C4B_2",NA,NA
"C5orf15",0.84971,0.247892623589452
"C5orf24",NA,0.569837196680027
"C5orf30",NA,0.156827474010734
"C5orf64",0.583585,0.593296835743661
"C5orf64-AS1",NA,NA
"C5orf66",NA,NA
"C5orf66-AS1",NA,NA
"C5orf66-AS2",NA,NA
"C6orf136",1,0.316450437607044
"C6orf15",0.347058,0.19087041702154
"C6orf47",0.772816,0.560796531476879
"C8orf49",NA,NA
"C8orf58",0.582676,0.520785638545072
"C9orf131",0.487642,0.0205683420627629
"C9orf24",NA,0.334700860139677
"CAB39L",0.750321,0.343496048546868
"CACUL1",NA,NA
"CALN1",NA,0.0060277857286406
"CAMK2D",1,0.0438431067155486
"CAMLG",NA,0.305667676225888
"CAMP",0.281711,0.318034910256138
"CAND1.11",NA,NA
"CANT1",0.0946502,0.530899908753635
"CASC16",NA,NA
"CASC20",NA,NA
"CASC22",NA,NA
"CASR",0.808076,0.00525982310856232
"CATSPER3",0.000117063,0.177913764133931
"CAVIN1",NA,NA
"CBR4",0.310944,0.199137232970939
"CC2D2A",0.233326,0.0295862697070702
"CCAR2",NA,NA
"CCDC103",0.43223,0.0317956942118538
"CCDC126",NA,0.362337046659976
"CCDC158",0.0206963,0.0911979600293967
"CCDC178",NA,NA
"CCDC189",NA,NA
"CCDC200",NA,NA
"CCDC26",NA,NA
"CCDC36",0.235466,0.235100521064276
"CCDC43",NA,0.678793729453946
"CCDC51",0.334515,0.377968768390336
"CCDC58",NA,0.482655627970272
"CCDC62",0.135785,0.060661633690017
"CCDC71",0.369368,0.336877809130187
"CCDC90B",0.58979,0.0682645415117771
"CCL19",NA,0.366981881439019
"CCL21",NA,0.369461114735316
"CCL27",NA,0.00782736545777041
"CCN2",NA,NA
"CCN6",NA,NA
"CCNG2",0.411056,0.263264890899806
"CCNI",NA,0.714943270502596
"CCNT2",NA,0.277167184697149
"CCNT2-AS1",NA,NA
"CCP110",NA,NA
"CCR10",0.602446,0.157378335513101
"CCSER1",NA,NA
"CCT6P1",NA,NA
"CD19",NA,0.31200325686414
"CD244",0.792419,0.0517362906035518
"CD2BP2",0.0818901,0.201146431859289
"CD300LG",0.240865,0.666554586001394
"CD38",0.198957,0.212840053792031
"CD48",0.539631,0.0188444637848775
"CD68",0.167856,0.774743176711192
"CD84",NA,0.625139915237713
"CD86",0.184231,0.0387553709039593
"CDADC1",0.375488,0.175064475805093
"CDC25A",0.527842,0.153954800523526
"CDC27",NA,8.80053186283663e-08
"CDC42BPA",NA,0.0400161838634678
"CDIPT",NA,0.577551800564752
"CDIPTOSP",NA,NA
"CDK18",0.203633,0.507270220598752
"CDK2AP1",NA,NA
"CDKL2",0.206056,0.137771560943315
"CDKL3",0.0764419,0.372373344529277
"CDKN2AIPNL",NA,0.844385084223274
"CDKN3",0.332821,0.163118185239012
"CDNF",0.202393,0.567467179835971
"CDS2",NA,0.60647166931538
"CDSN",0.539972,0.260737920607447
"CELF5",NA,0.0358617884962249
"CELSR3",0.138366,0.00238475024683534
"CEP295NL",NA,NA
"CERS6",NA,NA
"CERS6-AS1",NA,NA
"CFAP126",NA,NA
"CFAP53",NA,NA
"CFAP97D1",NA,NA
"CFB",0.590024,0.248752233986479
"CGRRF1",0.434694,0.177528332237414
"CHD3",0.261104,0.000216631993938762
"CHD9",0.23364,0.0717844691828703
"CHFR",8.87749e-05,0.106943224486718
"CHGB",0.359752,0.0687858472818783
"CHMP5",NA,0.398063577268007
"CHMP7",0.99266,0.793684303477079
"CHRNB1",0.0990871,0.306326029273848
"CHRNB2",0.206885,0.661152465970486
"CIAO1",0.341073,0.523071240913475
"CKS1B",NA,0.158570647463481
"CLCN3",NA,0.480231156005741
"CLDN14",0.605564,0.133125160919206
"CLDN7",0.103797,3.83790908196069e-05
"CLEC10A",0.484205,0.199475065086723
"CLEC14A",NA,0.589357908780495
"CLEC19A",NA,NA
"CLIC1",0.09293,0.0734648125364754
"CLIP1",0.167926,0.0489238160547503
"CLIP1-AS1",NA,NA
"CLK2",0.0808201,0.246921745811857
"CLK2P1",NA,NA
"CLN3",0.664935,0.0678962335887917
"CLRN1",NA,0.356782089312557
"CLRN1-AS1",NA,NA
"CLRN2",0.896851,0.233677922720664
"CLUHP3",NA,NA
"CMC1",NA,0.299348834125134
"CNEP1R1",NA,NA
"CNIH1",NA,NA
"CNNM2",NA,0.0574333409258541
"CNOT11",NA,NA
"CNOT7",NA,0.612334292788475
"CNP",NA,0.503991264785712
"CNTD1",0.52735,0.0628393737854073
"CNTFR",NA,0.0299040988346558
"CNTFR-AS1",NA,NA
"CNTLN",0.259382,0.0852970843831466
"CNTN1",NA,0.41681199843232
"CNTN2",0.200981,0.286585692156443
"CNTNAP1",0.306787,0.0271749122691832
"CNTROB",NA,0.147086710026046
"COA3",NA,NA
"COASY",0.122525,0.197233339420002
"COL11A2",0.290504,0.0397404113078894
"COL4A3BP",0.30042,0.227470440020129
"COL7A1",0.35856,0.067452958433462
"COQ6",0.270078,0.0700977189382883
"COQ7",NA,0.175633829224181
"COQ8A",NA,NA
"CORO1A",0.00139659,0.147448510083184
"COX6A2",NA,0.60584926284256
"CPEB2",NA,0.243851585749286
"CPEB2-DT",NA,NA
"CPLX1",NA,0.102064431059421
"CRCP",NA,0.485177147609674
"CREB3L4",0.613282,0.681410430698635
"CREG2",0.321406,0.095158947108551
"CRHBP",NA,0.0223913692222579
"CRHR1",0.307845,0.0810961581296248
"CRIPAK",0.317128,0.0226257924466952
"CRLS1",0.298082,NA
"CRTC2",NA,0.691639545080969
"CSNK1G2",0.236822,0.0391701216410674
"CSNK1G2-AS1",NA,NA
"CSNK2A3",NA,NA
"CSNK2B",NA,0.198437060134294
"CSTA",NA,0.460366333594264
"CTAGE10P",NA,NA
"CTBP1",NA,0.0940490952465063
"CTBP1-AS",NA,NA
"CTBP1-DT",NA,NA
"CTC1",0.102792,0.36467033540324
"CTDNEP1",NA,NA
"CTF1",NA,0.109320413020017
"CTR9",0.20908,0.0448996683856469
"CTSB",0.0923475,0.185429710834628
"CTSE",0.0925209,0.0283261883561652
"CUEDC2",0.681272,0.488118913983423
"CUTA",0.0597798,0.125878410966618
"CXCL10",0.199103,0.114299362700398
"CXCL11",0.289286,0.314785400171279
"CXCL14",0.243026,0.0352171011180193
"CXCL9",0.235588,0.389613689442267
"CXXC1",NA,0.0192491848451335
"CYB5D1",1,0.00529569755399599
"CYLD",NA,0.618507188345718
"CYP17A1",0.987481,0.338235096552109
"CYP21A1P",NA,NA
"CYP21A2",0.557549,0.06081645539879
"CYSLTR2",0.17615,0.149181760321487
"CYTH1",NA,0.276012666142396
"DAG1",0.420205,0.978548362578059
"DALRD3",NA,0.250578537342763
"DAP3",0.233696,0.442281210675671
"DAXX",NA,0.384124813211622
"DAZAP1",NA,0.0761114822533898
"DBF4B",0.20066,0.33685103628339
"DBX2",1,0.0729087522490433
"DCAF12",NA,0.208406031725489
"DCAF16",0.876416,0.771426192533598
"DCAKD",0.329583,0.314037203290118
"DCANP1",NA,NA
"DCLRE1C",NA,0.0298496074017438
"DCLRE1CP1",NA,NA
"DCST1",0.417979,0.270211166910657
"DCST1-AS1",NA,NA
"DCST2",0.225156,0.178312156752052
"DCTN3",NA,0.0898199003510439
"DCTPP1",NA,0.30175352720122
"DCUN1D1",NA,0.319940295876207
"DDAH2",NA,0.0555167810371566
"DDIAS",NA,NA
"DDR1",0.314369,0.110726635428552
"DDX46",NA,0.63851582170506
"DDX51",0.74407,0.434432349554466
"DDX55",0.0116682,0.0514616522673983
"DEDD",NA,0.359914262711206
"DEFB109A",NA,NA
"DEFB130A",NA,NA
"DEFB130B",NA,NA
"DEFB134",NA,0.0342921622280394
"DEFB135",NA,0.107313376659964
"DEFB136",NA,0.554457544747371
"DENND4B",NA,0.0274915537428493
"DENR",0.403674,0.0304105684583809
"DEPDC1B",0.418486,0.310415821922657
"DGKQ",1,0.245726728437625
"DHRS9",0.716112,0.0652980827666338
"DHX16",0.252087,0.288480303375082
"DHX30",NA,0.0634927991227873
"DHX58",0.0642749,0.254443302239579
"DHX8",0.400127,0.0266373082581676
"DIABLO",0.563849,0.0479757120816703
"DIRAS1",NA,0.688700972487419
"DISC1",0.245828,0.0781716311185965
"DISC1-IT1",NA,NA
"DISC2",NA,0.206363053276094
"DLEU1",NA,NA
"DLEU2",NA,0.254110125762731
"DLG2",1,0.589773144698985
"DLG4",0.0828949,0.227285609520406
"DLGAP5",0.261534,0.028975174829077
"DLST",0.935622,0.620037539458416
"DMTN",NA,NA
"DNAH10",0.163791,0.0728951390800794
"DNAH17",0.826728,0.0425396869189695
"DNAH17-AS1",NA,NA
"DNAH2",0.509471,0.139203469938616
"DNAI1",0.994754,0.716240445141799
"DNAJB5",NA,0.289049391990793
"DNAJB5-DT",NA,NA
"DNAJC7",0.0916332,0.891065729325842
"DNM3",NA,0.239455344092132
"DNM3-IT1",NA,NA
"DNM3OS",NA,NA
"DOC2A",NA,0.0149288596705807
"DOK2",0.23758,0.0355983377937273
"DOT1L",0.341502,0.0268033297549609
"DPCD",NA,0.229847975327871
"DPM3",NA,0.554000581969808
"DSCR10",NA,NA
"DSCR4",NA,0.204330115894525
"DSCR8",NA,NA
"DSCR9",NA,NA
"DSTYK",0.517999,0.266342582653245
"DTNA",0.638143,NA
"DTX3L",0.0140327,0.0452557217712767
"DUSP12",0.0828625,0.498912982860981
"DUSP2",NA,0.0891954061248301
"DUSP3",NA,0.165698405161452
"DUSP5",0.708573,0.90703731331013
"DVL2",0.592731,0.375596214648631
"DXO",NA,NA
"DYRK1A",0.637239,0.0223003126494994
"EAF2",0.353502,0.0121448241140782
"EBPL",0.312702,0.106476785870368
"EEF1AKNMT",NA,NA
"EFCAB13",NA,NA
"EFCAB3",NA,0.161575169352879
"EFNA1",0.111553,0.0342058380969024
"EFNA3",NA,0.164500061420725
"EFNA4",0.023996,0.22558151537312
"EFNB3",NA,0.0280043071184887
"EFTUD2",0.196588,0.107391463320424
"EGFL8",0.471108,0.0189075053698083
"EGR3",NA,0.288078656131782
"EHMT2",0.0773007,0.00340794302785841
"EIF1",NA,NA
"EIF2A",0.526916,0.114592714957692
"EIF2B1",NA,0.280757821161454
"EIF2B2",0.793393,0.694475467546106
"EIF3A",0.0523613,0.380617079226545
"EIF3C",NA,0.167771761440207
"EIF3CL",NA,0.167771761440207
"EIF4A1",NA,0.0559529476068347
"EIF4G2",1,0.412138243014518
"EIF5A",NA,0.721899230895757
"ELAC1",0.138151,0.160870036658889
"ELK4",NA,0.597783720468587
"ELOVL3",0.268696,0.100656390754788
"ELOVL7",0.0533127,0.787054224241552
"ELP5",NA,NA
"EML5",0.451809,0.295472035614666
"ENGASE",0.275751,0.366431807023389
"ENHO",NA,0.372328669991299
"ENPP1",0.281435,0.174253039722938
"ENTPD4",0.734018,0.225731236962541
"ENTPD5",0.534123,0.290008856682745
"EOMES",0.743701,0.0258693221077971
"EP400",0.555802,0.0594871113473738
"EP400P1",NA,NA
"EPHX1",0.110056,0.0909623434703708
"ERCC8",0.635524,NA
"ERG",NA,0.221131285594274
"ERG28",NA,NA
"ERICH6",NA,NA
"ERICH6-AS1",NA,NA
"ETV4",0.135998,0.145414605849773
"EYA4",1,0.496298487703397
"EZH1",0.737852,0.123675331476008
"F11R",0.525779,0.58974909974872
"F2R",0.00851203,0.060383841478235
"F2RL1",0.603277,0.97485593928269
"F2RL2",0.25921,0.30359015996693
"FAHD2A",NA,0.382906888423319
"FAHD2CP",NA,NA
"FAM107B",NA,0.521701011462131
"FAM126A",0.448727,0.0536704767008624
"FAM13A",0.545009,0.00824482939571447
"FAM13A-AS1",NA,NA
"FAM160B2",0.368824,0.0475643400505396
"FAM161B",0.39024,0.0234180127995034
"FAM162A",0.737502,0.595639469715569
"FAM167A",0.284419,0.136272891246634
"FAM167A-AS1",NA,NA
"FAM171A1",0.256576,0.24837034272529
"FAM171A2",NA,NA
"FAM184B",0.589973,NA
"FAM187A",NA,NA
"FAM189B",0.378609,0.261559475584573
"FAM200B",0.580322,NA
"FAM205A",NA,NA
"FAM205BP",NA,NA
"FAM205C",NA,NA
"FAM215A",NA,NA
"FAM219A",NA,NA
"FAM221A",NA,NA
"FAM229B",NA,NA
"FAM45A",NA,0.339696616834926
"FAM47E",0.588128,NA
"FAM47E-STBD1",NA,NA
"FAM49B",NA,0.422513022187076
"FAM53A",0.613027,0.230882936975417
"FAM66A",NA,NA
"FAM66D",NA,0.0988175671590786
"FAM72A",NA,NA
"FAM72C",NA,NA
"FAM85A",NA,NA
"FAM86B1",NA,0.146713244943104
"FAM86B2",NA,NA
"FAM90A25P",NA,NA
"FAM90A2P",NA,NA
"FAM95A",NA,NA
"FARP1",0.670463,0.10593095760526
"FASLG",NA,0.16722269229004
"FBRS",0.883955,0.412447724438373
"FBRSL1",0.0434057,NA
"FBXL15",0.380831,0.258917386696823
"FBXL19",0.708296,0.520222964034762
"FBXL19-AS1",NA,NA
"FBXL5",NA,0.734820860907267
"FBXO34",0.0980094,0.00451637772035622
"FBXO39",1,0.642441061911422
"FBXO40",0.0478618,0.150302463815949
"FBXW12",0.259774,0.378724465572086
"FBXW4",NA,0.706809267602706
"FCER1G",0.354004,0.11352636984723
"FCF1",0.747277,0.109918147734439
"FCF1P2",NA,NA
"FCGR2A",NA,0.0754791247122496
"FCGR2B",0.0541224,0.245708275159846
"FCGR2C",NA,0.0315018416303817
"FCGR3A",0.00164379,0.0384920583328558
"FCGR3B",NA,0.281831472107986
"FCRLA",NA,0.102114258369202
"FCRLB",0.879613,0.00881322096176434
"FDFT1",NA,0.127424010873581
"FDPS",0.37803,0.051355083356968
"FERMT1",0.260096,0.113320113132567
"FGF11",NA,0.11335766827903
"FGF17",NA,0.665911132342005
"FGF20",NA,0.427142966610332
"FGF8",NA,0.506560525079608
"FGFBP1",0.753443,0.540086264174157
"FGFBP2",0.0228114,0.180279469757496
"FGFR3",NA,0.0985241151097025
"FGFRL1",0.504076,0.0222084076132085
"FKBP10",0.175738,0.14416056066438
"FKBPL",0.699286,0.292584616766224
"FKTN",0.559046,0.0325136046038546
"FLAD1",NA,0.0651113635194189
"FLOT1",NA,0.00353865682224175
"FLVCR2",0.863889,0.0820513812516122
"FMNL1",0.883519,0.322023593209383
"FMO1",0.655377,0.457439534635245
"FMO2",NA,0.0857622785228679
"FMO3",0.650332,0.0868680447777066
"FMO4",0.717713,0.031492883780845
"FMO6P",NA,NA
"FNDC3A",0.22108,0.108009964590235
"FOS",0.0547101,0.102115321809156
"FOXA1",0.0613277,0.465738105194352
"FRG2KP",NA,NA
"FSD1L",0.513426,NA
"FTO",0.870166,0.183498175471793
"FUS",NA,0.119763848544286
"FXR2",0.188653,0.100674017667203
"FYN",0.0075614,0.0759676564128203
"FZD2",0.60448,0.0563730117784411
"G3BP2",NA,0.174762384481198
"G6PC",NA,0.234075962828188
"G6PC2",1,0.11277946854176
"G6PC3",NA,0.0143079744257392
"GABARAP",NA,NA
"GABBR1",0.216803,0.0219183148029513
"GADD45B",0.429506,0.736955954125005
"GAK",0.0922898,0.0185368964548988
"GALC",0.766594,0.669819067925282
"GALNT17",NA,NA
"GALNT18",NA,NA
"GALNT9",NA,0.499004602086181
"GALT",0.795757,0.0472263432623048
"GAMT",NA,NA
"GAST",0.41382,0.153879026629681
"GATA4",0.500762,0.0510226554941853
"GBA",2.15206e-10,0.00305352873451663
"GBAP1",NA,NA
"GBF1",0.923263,0.307166583714296
"GCH1",0.237336,0.403419998674531
"GDE1",0.23129,0.216968956430681
"GDPD3",0.943312,0.00206557710979034
"GEN1",0.302139,0.113276712983813
"GFAP",0.170807,0.407515921517676
"GFRA2",NA,0.279764587696833
"GGNBP1",NA,NA
"GHDC",0.583153,0.333172474213646
"GIN1",NA,0.208321769541205
"GJC1",NA,0.836217435784577
"GLB1L2",0.236631,0.0602627930493746
"GLB1L3",0.187219,0.475303089323745
"GMFB",NA,NA
"GNA11",NA,0.47933579694635
"GNA15",0.219197,0.500903049085053
"GNG7",NA,0.55214404900186
"GNL1",0.279577,0.447168463286314
"GOLGA2P11",NA,NA
"GOLGA3",0.230028,0.0828864211133125
"GOLGB1",0.319578,0.034105541931289
"GON4L",0.214885,0.0754787596254268
"GOSR2",0.807147,0.408736387050441
"GPAM",0.874034,0.0440292918827132
"GPANK1",0.0417799,0.0187363015120369
"GPAT2",0.00996479,0.638668342207783
"GPATCH8",0.462773,0.0529923735881082
"GPCPD1",NA,0.397546836676631
"GPNMB",0.098855,0.112462099064419
"GPR139",0.834146,0.0753622126180413
"GPR171",0.35654,0.148964173417417
"GPR65",NA,0.764546571627683
"GPR87",0.475964,0.660271073838549
"GPRC5B",0.55226,0.704229014869461
"GPRIN3",0.0112544,0.0900088389128341
"GPS2",NA,0.163679606886549
"GPSM3",0.267761,0.611065002358599
"GPX1",NA,0.0349625037778766
"GPX5",0.130322,0.344618536203655
"GPX6",NA,0.486414195186866
"GRK5",1,0.00634484777098787
"GRN",0.247262,0.027820607965418
"GS1-124K5.11",NA,NA
"GS1-124K5.4",NA,NA
"GSDMC",0.693047,0.301976466196785
"GSG1L",NA,0.370804534027327
"GSTM2P1",NA,NA
"GTF2H3",0.814857,0.318539466605479
"GTF2H4",0.0359559,0.119339921801662
"GTF2IP23",NA,NA
"GTF2IRD1P1",NA,NA
"GTF3C6",0.593967,0.206874674418683
"GUCY2D",0.587579,0.0352463057103064
"GUSB",NA,0.0453976572242663
"GUSBP2",NA,NA
"H2AFY",NA,0.148004969013431
"H3F3A",NA,NA
"H3F3AP4",NA,NA
"HAP1",0.336921,0.105647130485475
"HAX1",NA,0.107215519150169
"HCAR1",NA,NA
"HCAR2",NA,NA
"HCAR3",NA,NA
"HCG17",NA,NA
"HCG18",NA,NA
"HCG20",NA,NA
"HCG21",NA,NA
"HCG22",0.590901,NA
"HCG23",NA,NA
"HCG24",NA,NA
"HCG25",NA,NA
"HCG4",NA,NA
"HCG4B",NA,NA
"HCG9",NA,NA
"HCLS1",0.501388,0.0399904504310916
"HCN3",0.794307,0.105409904020408
"HCP5B",NA,NA
"HCRT",NA,NA
"HDAC5",0.457342,0.703639555885721
"HEAT2",NA,NA
"HEATR3",0.844816,0.123280713733397
"HERC3",0.701714,0.187274790447824
"HES7",NA,0.358114048093433
"HEXIM1",NA,0.0792529653571241
"HEXIM2",NA,NA
"HIGD1B",0.196588,0.158004412944935
"HIP1R",0.0346104,0.130690147125392
"HIRIP3",0.823223,0.355715848082785
"HIST1H1B",0.852091,0.137116297281822
"HIST1H2AG",NA,5.32037086429238e-05
"HIST1H2AH",0.00100818,0.0750963292015245
"HIST1H2AI",0.74418,0.0816374132476558
"HIST1H2AJ",NA,0.234119719227076
"HIST1H2AK",0.730342,0.000873660805148946
"HIST1H2AL",NA,0.316214370439989
"HIST1H2AM",NA,0.0515208539318927
"HIST1H2BJ",NA,0.14594697740203
"HIST1H2BK",NA,0.0672826116982459
"HIST1H2BL",NA,0.511775590884445
"HIST1H2BM",NA,0.152310842372147
"HIST1H2BN",NA,0.291681704641693
"HIST1H2BO",NA,0.905305613081889
"HIST1H3H",NA,0.377510952301266
"HIST1H3I",NA,0.611904259248394
"HIST1H3J",NA,0.0315020722039858
"HIST1H4I",NA,0.191595218276671
"HIST1H4J",NA,0.400980260838505
"HIST1H4K",NA,0.776000901985183
"HIST1H4L",0.703656,0.126745500790315
"HLA-A",0.417702,1.65734956596442e-05
"HLA-DMA",0.410197,0.125906835861527
"HLA-DMB",0.375925,0.0659259437519804
"HLA-DOA",0.0818934,0.00160232962784468
"HLA-DOB",0.718229,0.00664798090228824
"HLA-DPA1",0.851821,0.185111214688862
"HLA-DPB1",0.22397,0.000144132860103841
"HLA-DPB2",NA,NA
"HLA-DQA1",NA,0.356392949643458
"HLA-DQA2",NA,0.0048660776878816
"HLA-DQB1",0.126114,0.0328282484553025
"HLA-DQB1-AS1",NA,NA
"HLA-DQB2",0.254545,NA
"HLA-DRA",0.0053055,0.34074612061266
"HLA-DRB1",NA,0.0222442598270859
"HLA-DRB5",NA,0.31319477160962
"HLA-DRB6",NA,NA
"HLA-E",0.0207374,0.542877539890114
"HLA-F",0.556008,0.0364152631276142
"HLA-F-AS1",0.447212,0.0499968114327703
"HLA-G",0.918497,0.242799385462875
"HLA-H",NA,NA
"HLA-J",NA,NA
"HLA-L",NA,0.500751481097597
"HLA-V",NA,NA
"HLCS",NA,0.653938978138684
"HMGCR",0.0959706,0.544678297536575
"HPF1",NA,NA
"HPS6",0.0458916,0.425669930999975
"HR",0.817019,0.0383454511185704
"HS6ST3",0.0279299,0.763080405423029
"HSD17B1",NA,0.148054589454707
"HSD17B8",0.662568,0.504156135766877
"HSD3B7",0.282968,0.164440568344133
"HSPA14",0.676077,0.115075964298457
"HSPA1A",NA,0.43250526309201
"HSPA1B",NA,0.0829053467371416
"HSPA1L",0.29553,0.519250017223096
"HSPA6",0.0843018,0.1396859139779
"HSPA7",NA,NA
"HSPB9",NA,0.141326287306627
"HSPBAP1",0.637875,0.190794946278918
"HTR3D",0.701873,0.00397152233433658
"IDUA",0.0169562,0.0682140280334321
"IER3",NA,0.799860806899408
"IER3-AS1",NA,NA
"IFI35",0.604457,0.844357513883016
"IFITM4P",NA,NA
"IFT80",0.976943,0.0693509038896937
"IGF2BP3",0.170765,0.095611615046066
"IGSF10",0.273127,0.0692616165974774
"IGSF9B",0.480863,0.00758491075169814
"IKBKE",0.704213,0.0312476563562269
"IL11RA",0.116425,0.593197812477219
"IL18R1",0.636441,0.205167992329449
"IL18RAP",0.158583,0.108699505393266
"IL1R1",0.277156,0.848793767837111
"IL1R2",0.672751,0.120626456935926
"IL1RL1",0.307924,0.55975643011312
"IL1RL2",1,0.539461803607719
"IL27",1,0.417811712713756
"IL31",0.588353,0.247499438550004
"IL6",0.135867,0.566927897140667
"IL6R",0.802728,0.290285098282692
"IL6R-AS1",NA,NA
"ILDR1",0.186066,0.259498606695377
"IMPDH2",NA,0.213767430218099
"INO80E",0.00248045,0.0369924842016087
"INPP5F",0.421126,0.0600117059172273
"INTS2",NA,0.837561547288362
"INTS4P2",NA,NA
"IP6K2",0.65775,0.287915431696042
"IPO5",0.663111,0.242853605656475
"IQCB1",0.637177,0.0271232839505924
"IQCK",1,0.125990962105168
"IQGAP2",0.0655545,0.408842894739639
"ISCA2",NA,0.0767447347583326
"ITGA2B",0.238113,0.00542817093568537
"ITGA8",0.657284,0.00396351486608615
"ITGAD",0.00347662,0.193109223383234
"ITGAL",0.081767,0.818799233437373
"ITGAM",1,0.0609193277657261
"ITGAX",0.238986,0.00334440012833557
"ITGB3",0.425891,0.577372210623794
"ITLN1",0.00060285,0.000172742262402492
"ITLN2",0.0324628,0.0753733191385144
"ITPKB",0.135532,0.0135161311232902
"ITPKB-IT1",NA,NA
"ITPRIPL1",0.775546,0.393691263815138
"ITPRIPL2",NA,0.0815148024845071
"IZUMO4",0.68676,0.320645119945156
"JADE2",NA,NA
"JAM3",NA,0.215563634926213
"JDP2",0.543625,0.374112835295181
"JSRP1",0.53239,0.0177799802973353
"JTB",NA,NA
"JUP",0.7282,0.167743880870528
"KANSL1",NA,NA
"KANSL1-AS1",NA,NA
"KAT2A",0.772898,0.398603970141696
"KAT8",NA,NA
"KCNAB3",0.794194,0.409830242413035
"KCNH4",0.578645,0.14954566519673
"KCNH8",0.00185415,0.0703838556033347
"KCNIP2",0.164946,0.112161328288754
"KCNIP2-AS1",NA,NA
"KCNIP3",0.885096,0.582571455847866
"KCNJ15",0.957849,0.109121237507781
"KCNJ6",NA,0.131181825149334
"KCNK10",0.543108,0.19887888004638
"KCNN3",NA,0.0205642939104666
"KCNQ5",NA,0.286553442006487
"KCNQ5-IT1",NA,NA
"KCNRG",NA,0.0951734937668937
"KCNS3",NA,0.106001092260941
"KCTD11",NA,0.0574669727605539
"KCTD13",NA,0.444570615444864
"KCTD7",NA,0.437083290075007
"KDM6B",0.83871,0.0707838662154425
"KHDC4",NA,NA
"KIAA0753",0.474992,0.416158840239506
"KIF18B",0.0330578,0.208491236224637
"KIF21A",0.0369193,0.639302736674901
"KIF22",0.241798,0.186338422738212
"KIF24",0.0536596,0.30245405301543
"KIFC1",0.241578,0.00665048265526816
"KLF16",NA,0.148705154170179
"KLHDC8A",NA,0.0364981686271
"KLHDC8B",NA,0.118733035821316
"KLHDC9",0.187131,0.194400373064793
"KLHL10",0.549425,0.0130691026014002
"KLHL11",0.623736,0.280762914824359
"KLHL14",NA,0.151633925721321
"KLHL24",NA,0.465311105379111
"KLHL6",0.859391,0.25894032820002
"KLHL6-AS1",NA,NA
"KLHL7",NA,0.317020168341988
"KLHL7-DT",NA,NA
"KMT5A",NA,NA
"KNOP1",NA,NA
"KNTC1",NA,0.216746374210147
"KPNA1",NA,0.494603978889961
"KPNA3",0.286337,0.367931063935387
"KPNA4",NA,0.0942669215146448
"KPNB1",0.630503,0.251551755643945
"KRBA2",NA,0.707718613897081
"KRT14",0.39452,0.746638592415906
"KRT16",0.258589,0.0750675948934376
"KRT17",NA,0.288570029310226
"KRT42P",NA,NA
"KRTCAP2",NA,0.301852366962541
"KTN1",0.256167,0.257386435613186
"KTN1-AS1",NA,NA
"LAMA4",0.174658,0.00158397950092004
"LAMB2",0.000171264,0.0153898669190506
"LAMB2P1",NA,NA
"LAMP3",1,0.0790409228496157
"LAMTOR2",NA,0.632723649362521
"LAP3",0.196888,0.000240596052295095
"LARP7",0.23563,0.0856234949507933
"LAT",NA,0.494017039703613
"LCORL",0.00173694,0.169280123614371
"LDB1",NA,0.402767264321574
"LDB2",NA,0.356290961694843
"LEFTY1",0.967541,0.0251193122185644
"LEFTY2",0.25448,0.331568598725621
"LEMD1",0.254618,0.104011359663394
"LEMD1-AS1",NA,NA
"LEMD1-DT",NA,NA
"LENEP",NA,0.0549573419331417
"LETM1",0.836088,0.0013628238826558
"LGALS3",0.730479,0.26255657476382
"LGALS3BP",0.444799,0.516671737935392
"LGI3",NA,0.0826506197731864
"LIN52",NA,0.137283262306163
"LIN9",0.213595,0.181317900426369
"LINC00174",NA,NA
"LINC00208",NA,NA
"LINC00240",NA,NA
"LINC00243",NA,NA
"LINC00324",NA,NA
"LINC00326",NA,NA
"LINC00336",NA,NA
"LINC00342",NA,NA
"LINC00359",NA,NA
"LINC00456",NA,NA
"LINC00462",NA,NA
"LINC00472",NA,NA
"LINC00491",NA,NA
"LINC00492",NA,NA
"LINC00504",NA,NA
"LINC00517",NA,NA
"LINC00520",NA,NA
"LINC00533",NA,NA
"LINC00582",NA,NA
"LINC00654",NA,NA
"LINC00658",NA,NA
"LINC00671",NA,NA
"LINC00681",NA,NA
"LINC00693",NA,NA
"LINC00888",NA,NA
"LINC00907",NA,NA
"LINC00910",NA,NA
"LINC00919",NA,NA
"LINC00938",NA,NA
"LINC00976",NA,NA
"LINC00977",NA,NA
"LINC01012",NA,NA
"LINC01013",NA,NA
"LINC01015",NA,NA
"LINC01127",NA,NA
"LINC01146",NA,NA
"LINC01147",NA,NA
"LINC01180",NA,NA
"LINC01220",NA,NA
"LINC01251",NA,NA
"LINC01312",NA,NA
"LINC01372",NA,NA
"LINC01423",NA,NA
"LINC01561",NA,NA
"LINC01571",NA,NA
"LINC01612",NA,NA
"LINC01626",NA,NA
"LINC01630",NA,NA
"LINC01703",NA,NA
"LINC01713",NA,NA
"LINC01729",NA,NA
"LINC01744",NA,NA
"LINC01745",NA,NA
"LINC01775",NA,NA
"LINC01843",NA,NA
"LINC01973",NA,NA
"LINC01976",NA,NA
"LINC01980",NA,NA
"LINC01981",NA,NA
"LINC01987",NA,NA
"LINC01993",NA,NA
"LINC01994",NA,NA
"LINC01995",NA,NA
"LINC02035",NA,NA
"LINC02057",NA,NA
"LINC02067",NA,NA
"LINC02115",NA,NA
"LINC02127",NA,NA
"LINC02168",NA,NA
"LINC02178",NA,NA
"LINC02180",NA,NA
"LINC02190",NA,NA
"LINC02210",NA,NA
"LINC02210-CRHR1",NA,NA
"LINC02275",NA,NA
"LINC02330",NA,NA
"LINC02349",NA,NA
"LINC02361",NA,NA
"LINC02414",NA,NA
"LINC02471",NA,NA
"LINC02483",NA,NA
"LINC02493",NA,NA
"LINC02527",NA,NA
"LINC02569",NA,NA
"LINC02570",NA,NA
"LINC02585",NA,NA
"LINC02604",NA,NA
"LINC02681",NA,NA
"LINC02709",NA,NA
"LINC02714",NA,NA
"LINC02731",NA,NA
"LINC02743",NA,NA
"LINGO3",0.400215,0.578148720726644
"LMNA",0.0154033,0.0448651612498437
"LMNB2",NA,0.143777199270374
"LOC100128288",NA,NA
"LOC100129129",NA,NA
"LOC100129917",NA,NA
"LOC100130238",NA,NA
"LOC100130872",NA,NA
"LOC100131289",NA,NA
"LOC100270746",NA,NA
"LOC100288123",NA,0.374593080580282
"LOC100288162",NA,NA
"LOC100288798",NA,NA
"LOC100294145",NA,NA
"LOC100506178",NA,NA
"LOC100506282",NA,NA
"LOC100506691",NA,NA
"LOC100506990",NA,NA
"LOC100507071",NA,NA
"LOC100507156",NA,NA
"LOC100507351",NA,NA
"LOC100507547",NA,NA
"LOC100996351",NA,NA
"LOC100996437",NA,NA
"LOC100996842",NA,NA
"LOC101593348",NA,NA
"LOC101927142",NA,NA
"LOC101927272",NA,NA
"LOC101927640",NA,NA
"LOC101927855",NA,NA
"LOC101927877",NA,NA
"LOC101928008",NA,NA
"LOC101928053",NA,NA
"LOC101928105",NA,NA
"LOC101928120",NA,NA
"LOC101928166",NA,NA
"LOC101928372",NA,NA
"LOC101928416",NA,NA
"LOC101928530",NA,NA
"LOC101928595",NA,NA
"LOC101928597",NA,NA
"LOC101928651",NA,NA
"LOC101928674",NA,NA
"LOC101928809",NA,NA
"LOC101928907",NA,NA
"LOC101929006",NA,NA
"LOC101929095",NA,NA
"LOC101929109",NA,NA
"LOC101929237",NA,NA
"LOC101929269",NA,NA
"LOC101929322",NA,NA
"LOC101929767",NA,NA
"LOC102546229",NA,NA
"LOC102723373",NA,NA
"LOC102723385",NA,NA
"LOC102723582",NA,NA
"LOC102724153",NA,NA
"LOC105370203",NA,NA
"LOC105371267",NA,NA
"LOC105371789",NA,NA
"LOC105371795",NA,NA
"LOC105371855",NA,NA
"LOC105372795",NA,NA
"LOC105374338",NA,NA
"LOC105374344",NA,NA
"LOC105376975",NA,NA
"LOC105377372",NA,NA
"LOC105379183",NA,NA
"LOC105616981",NA,NA
"LOC107984265",NA,NA
"LOC107984784",NA,NA
"LOC107986453",NA,NA
"LOC107986876",NA,NA
"LOC108783654",NA,NA
"LOC110384692",NA,NA
"LOC112543491",NA,NA
"LOC112694756",NA,NA
"LOC254896",NA,NA
"LOC283177",NA,NA
"LOC284581",NA,NA
"LOC286059",NA,NA
"LOC339192",NA,NA
"LOC339862",NA,NA
"LOC340357",NA,NA
"LOC388242",NA,0.0823177601166984
"LOC389641",NA,NA
"LOC392196",NA,NA
"LOC400622",NA,NA
"LOC401312",NA,NA
"LOC441087",NA,NA
"LOC441242",NA,NA
"LOC442028",0.000112542,4.41535696893425e-13
"LOC541472",NA,NA
"LOC606724",NA,0.0823177601166984
"LOC613038",NA,0.0823177601166984
"LOC643406",NA,NA
"LOC643802",NA,NA
"LOC649352",NA,NA
"LOC729732",NA,NA
"LOC730098",NA,NA
"LOC730183",NA,NA
"LONRF1",0.105209,0.802107853516138
"LOXL2",0.97709,0.321672491409409
"LPAR6",0.568426,0.473814206575285
"LRCOL1",NA,NA
"LRP2",0.661592,0.229698315107586
"LRRC37A",NA,0.273305854871424
"LRRC37A2",NA,0.0917511440945122
"LRRC37A4P",NA,NA
"LRRC43",0.200541,0.0999595225522358
"LRRK2",2.15206e-10,0.159141391890153
"LRRN4",0.113023,0.451326489385866
"LSM12",NA,0.844571212272571
"LSM2",NA,NA
"LSM7",NA,4.04869260898326e-09
"LTBP2",0.468771,0.0573027752267823
"LY6G5B",1,0.182932692012228
"LY6G5C",0.368432,0.112580562110549
"LY6G6C",0.157291,0.261001425658918
"LY6G6D",0.674621,0.227087345250567
"LY6G6E",NA,NA
"LY6G6F",NA,0.29183403452949
"LY6G6F-LY6G6D",NA,NA
"LY9",0.679061,0.211014674210418
"LYVE1",0.574406,0.137614881706633
"MAEA",NA,0.0500794118811968
"MAL",0.107126,0.0629065868574175
"MALSU1",NA,NA
"MAP10",NA,NA
"MAP3K14",NA,0.0909899829602559
"MAP3K14-AS1",NA,NA
"MAP3K19",NA,NA
"MAP3K21",NA,NA
"MAP4",0.865455,0.359088114141434
"MAP4K4",0.424363,0.0534732011298461
"MAP6D1",NA,0.0153337103425254
"MAPK1IP1L",NA,0.27922496991262
"MAPK3",0.182304,0.447475297040678
"MAPK4",NA,0.0603745460802465
"MAPK8IP1P2",NA,NA
"MAPT",0.710057,0.356555784432682
"MAPT-AS1",NA,NA
"MAPT-IT1",NA,NA
"MARCH10",0.705999,0.421457581688619
"MAS1L",0.0963184,0.263013565839515
"MAZ",NA,0.0101731821372771
"MBD1",0.0494484,0.482114222637345
"MBD3",NA,0.181246079484882
"MBNL1",NA,0.476915108969127
"MBNL1-AS1",NA,NA
"MBNL2",NA,0.0586711262297265
"MCCC1",0.842764,0.0331046564014818
"MCF2L2",0.511777,0.0982139660280515
"MCM8",0.0570394,0.104777333684124
"MCM8-AS1",NA,NA
"MCMBP",NA,0.655616340795406
"MDC1",1,0.197497183420267
"MDC1-AS1",NA,NA
"ME2",0.471177,0.0787575856466412
"MED12L",0.539155,0.117842895238885
"MED13",0.35696,0.24779081834718
"MED28",NA,0.140172128202622
"MED31",NA,0.544817562629048
"MEIG1",NA,0.509260326995081
"MEIOC",NA,NA
"MEOX1",NA,0.357959150440248
"METTL2A",NA,0.245758449118072
"MEX3A",NA,0.243597894394814
"MEX3C",NA,0.532551712553168
"MEX3D",NA,0.116184900669478
"MFAP3L",NA,0.177654185124921
"MFSD13A",NA,NA
"MFSD4A",NA,NA
"MFSD4A-AS1",NA,NA
"MFSD4B",NA,NA
"MFSD9",0.0316552,0.312405627505744
"MGAT5",NA,0.535870119666789
"MGC15885",NA,NA
"MICU3",NA,NA
"MINDY3",NA,NA
"MINDY4B",NA,NA
"MIPOL1",0.201096,0.189336453848824
"MIR12117",NA,NA
"MIR1226",NA,NA
"MIR1227",NA,NA
"MIR1234",NA,NA
"MIR1236",NA,NA
"MIR1243",NA,NA
"MIR128-1",NA,NA
"MIR1295A",NA,NA
"MIR1295B",NA,NA
"MIR135B",NA,NA
"MIR146B",NA,NA
"MIR15A",NA,NA
"MIR15B",NA,NA
"MIR16-1",NA,NA
"MIR16-2",NA,NA
"MIR1909",NA,NA
"MIR190B",NA,NA
"MIR191",NA,NA
"MIR195",NA,NA
"MIR199A2",NA,NA
"MIR2115",NA,NA
"MIR2117",NA,NA
"MIR2117HG",NA,NA
"MIR214",NA,NA
"MIR219A1",NA,NA
"MIR302A",NA,NA
"MIR302B",NA,NA
"MIR302C",NA,NA
"MIR302CHG",NA,NA
"MIR302D",NA,NA
"MIR30A",NA,NA
"MIR30C2",NA,NA
"MIR3120",NA,NA
"MIR3135B",NA,NA
"MIR3143",NA,NA
"MIR3152",NA,NA
"MIR3158-1",NA,NA
"MIR3158-2",NA,NA
"MIR3170",NA,NA
"MIR3179-1",NA,NA
"MIR3179-2",NA,NA
"MIR3179-3",NA,NA
"MIR3179-4",NA,NA
"MIR3180-1",NA,NA
"MIR3180-2",NA,NA
"MIR3180-3",NA,NA
"MIR3181",NA,NA
"MIR320A",NA,NA
"MIR324",NA,NA
"MIR3613",NA,NA
"MIR3661",NA,NA
"MIR367",NA,NA
"MIR3670-1",NA,NA
"MIR3670-2",NA,NA
"MIR3670-3",NA,NA
"MIR3670-4",NA,NA
"MIR3679",NA,NA
"MIR3680-1",NA,NA
"MIR3680-2",NA,NA
"MIR3686",NA,NA
"MIR3908",NA,NA
"MIR3914-1",NA,NA
"MIR3914-2",NA,NA
"MIR3926-1",NA,NA
"MIR3926-2",NA,NA
"MIR425",NA,NA
"MIR4258",NA,NA
"MIR4271",NA,NA
"MIR4304",NA,NA
"MIR4308",NA,NA
"MIR4314",NA,NA
"MIR4315-1",NA,NA
"MIR4315-2",NA,NA
"MIR4321",NA,NA
"MIR4443",NA,NA
"MIR4448",NA,NA
"MIR4450",NA,NA
"MIR4485",NA,NA
"MIR4501",NA,NA
"MIR4503",NA,NA
"MIR4517",NA,NA
"MIR4518",NA,NA
"MIR4519",NA,NA
"MIR4520-1",NA,NA
"MIR4520-2",NA,NA
"MIR4521",NA,NA
"MIR4640",NA,NA
"MIR4646",NA,NA
"MIR4650-1",NA,NA
"MIR4650-2",NA,NA
"MIR4654",NA,NA
"MIR4680",NA,NA
"MIR4681",NA,NA
"MIR4682",NA,NA
"MIR4697",NA,NA
"MIR4697HG",NA,NA
"MIR4709",NA,NA
"MIR4721",NA,NA
"MIR4772",NA,NA
"MIR4774",NA,NA
"MIR4791",NA,NA
"MIR4793",NA,NA
"MIR497",NA,NA
"MIR497HG",NA,NA
"MIR5004",NA,NA
"MIR5010",NA,NA
"MIR5089",NA,NA
"MIR5186",NA,NA
"MIR5187",NA,NA
"MIR5194",NA,NA
"MIR548AH",NA,NA
"MIR548AJ1",NA,NA
"MIR548AT",NA,NA
"MIR548E",NA,NA
"MIR548V",NA,NA
"MIR555",NA,NA
"MIR556",NA,NA
"MIR5580",NA,NA
"MIR5590",NA,NA
"MIR5692A1",NA,NA
"MIR5692A2",NA,NA
"MIR5692C1",NA,NA
"MIR5696",NA,NA
"MIR5698",NA,NA
"MIR571",NA,NA
"MIR598",NA,NA
"MIR6085",NA,NA
"MIR6511A1",NA,NA
"MIR6511A2",NA,NA
"MIR6511A3",NA,NA
"MIR6511A4",NA,NA
"MIR6721",NA,NA
"MIR6737",NA,NA
"MIR6738",NA,NA
"MIR6741",NA,NA
"MIR6763",NA,NA
"MIR6769B",NA,NA
"MIR6770-1",NA,NA
"MIR6770-2",NA,NA
"MIR6770-3",NA,NA
"MIR6771",NA,NA
"MIR6780A",NA,NA
"MIR6781",NA,NA
"MIR6782",NA,NA
"MIR6783",NA,NA
"MIR6784",NA,NA
"MIR6789",NA,NA
"MIR6823",NA,NA
"MIR6824",NA,NA
"MIR6832",NA,NA
"MIR6833",NA,NA
"MIR6834",NA,NA
"MIR6851",NA,NA
"MIR6862-1",NA,NA
"MIR6862-2",NA,NA
"MIR6873",NA,NA
"MIR6883",NA,NA
"MIR6890",NA,NA
"MIR6891",NA,NA
"MIR7108",NA,NA
"MIR711",NA,NA
"MIR7110",NA,NA
"MIR762",NA,NA
"MIR762HG",NA,NA
"MIR7850",NA,NA
"MIR8067",NA,NA
"MIR8072",NA,NA
"MIR8082",NA,NA
"MIR877",NA,NA
"MIR92B",NA,NA
"MIR9902-1",NA,NA
"MIR9902-2",NA,NA
"MIXL1",NA,0.0944690267514581
"MKNK2",0.672366,0.375879355324574
"MLH3",0.0811531,0.113607402860648
"MLNR",NA,0.0769671868176554
"MLX",NA,0.900149980010467
"MLXIP",0.356221,0.0865770308022952
"MMP17",0.25997,0.426854034510257
"MMRN1",0.00731388,0.292840280829205
"MOB3A",NA,NA
"MOG",0.593517,0.477734716975022
"MOXD1",0.868524,0.282526580986028
"MPDU1",NA,0.641403780065178
"MPHOSPH9",0.0424475,0.370149724807648
"MPIG6B",NA,NA
"MPP2",0.174066,0.985734115549111
"MPP3",0.189661,0.338054706819643
"MPZ",NA,0.514593267034932
"MRC2",0.652606,0.0104485602687616
"MRO",0.971528,0.400202998684299
"MROH9",NA,NA
"MRPL45P2",NA,NA
"MRPS18B",0.319032,0.0283366313646254
"MRPS5",0.473105,0.0414550151753235
"MRVI1",0.31783,0.150960376143868
"MRVI1-AS1",NA,NA
"MSGN1",NA,0.407578494951333
"MSH5",0.194066,0.117539959935662
"MSH5-SAPCD1",NA,NA
"MSR1",0.378821,0.495095175944336
"MST1",0.659052,6.43367562502819e-10
"MSTO1",0.157559,0.411567599095796
"MSTO2P",NA,NA
"MTMR7",0.0928209,0.151512252241067
"MTMR9",0.330779,0.353411844387227
"MTRNR2L8",NA,NA
"MTUS1",0.021449,0.227797468909394
"MTX1",0.624771,0.239105916635655
"MUC1",0.331308,0.118077788591966
"MUC19",NA,NA
"MUC21",0.239631,0.1880943693922
"MUC22",NA,NA
"MUCL3",NA,NA
"MVP",1,0.0449478532667138
"MXI1",0.158223,0.131402195272685
"MYL4",NA,NA
"MYL5",0.00930159,NA
"MYLPF",NA,0.151907838155303
"MYO5B",0.0331527,0.602737599414289
"MYOC",0.649604,0.0383777665817099
"MYOCOS",NA,NA
"MYORG",NA,NA
"NAA38",NA,0.110218364173019
"NAAA",0.0401276,0.172334297471506
"NACA2",0.318042,2.16642456918326e-06
"NAGLU",0.727426,0.382682140385688
"NAGS",0.828584,0.0900382774445922
"NANOS1",NA,0.0190612675588592
"NBR1",1,0.201007957934198
"NBR2",NA,NA
"NCAPD3",0.778892,0.230109027714146
"NCAPG",0.498577,0.240145119249927
"NCKIPSD",1,0.105524851168586
"NCLN",0.551862,0.103063863040103
"NCRUPAR",NA,NA
"NDEL1",0.348395,0.320263043650988
"NDUFAF2",NA,NA
"NDUFAF3",NA,0.342861759851138
"NDUFS2",0.835197,0.0836286064401659
"NDUFS7",NA,0.0626542453748777
"NECTIN4",NA,NA
"NEIL2",0.476664,0.0561906313563194
"NEK1",0.486799,0.185807887785793
"NEK9",0.00827308,0.273286345386797
"NELFE",NA,NA
"NEU1",NA,0.124938572799454
"NEURL4",0.248078,0.120450058782829
"NEUROG1",NA,0.0149908793186474
"NEUROG2",NA,0.868351228343173
"NFASC",0.526,0.389060487701111
"NFATC2IP",0.452763,0.407783808658243
"NFKB2",4.02119e-07,0.366014369985062
"NFX1",0.871988,0.0150737798600822
"NICN1",0.00949645,0.330091730721677
"NIPSNAP3A",NA,0.245584789715854
"NIPSNAP3B",0.340172,0.193742952127945
"NIT1",0.528721,0.0614825065397943
"NKAPL",0.13578,0.0940055312722008
"NKD1",NA,0.000367268203102461
"NKIRAS2",NA,0.452083842521938
"NKX1-1",NA,NA
"NKX2-1",NA,0.309863267281314
"NKX2-1-AS1",NA,NA
"NKX2-8",0.0295575,0.202298311172809
"NLGN2",0.765859,0.0402635637485622
"NMD3",NA,0.496290571739485
"NME6",0.088376,0.318966720205769
"NMT1",NA,0.0792335615971421
"NMT2",0.371739,0.0433207482521958
"NOC4L",1,0.0781292316441865
"NOD2",1,0.0230537454309445
"NOL4",NA,0.23216868059501
"NOL6",0.068272,0.201356681810473
"NOLC1",0.414893,0.530074472161633
"NOMO2",NA,0.113058266201659
"NOS1AP",0.936895,0.0616397158287769
"NOSTRIN",0.212618,0.194775770411857
"NOTCH4",0.236474,0.342797837569426
"NPAS2",0.149548,0.668629654864617
"NPC2",0.0207099,0.0316986857257428
"NPEPPS",0.68799,0.0659267617428307
"NPIPA7",NA,NA
"NPIPA8",NA,NA
"NPIPB11",NA,NA
"NPIPB12",NA,NA
"NPIPB13",NA,NA
"NPIPB6",NA,NA
"NPIPB8",NA,NA
"NPIPB9",NA,NA
"NPM2",0.637814,0.0381696880723207
"NPM3",0.939028,0.0581647380746246
"NR1I3",0.550455,0.504947682012843
"NRM",0.882203,0.804329148398323
"NSD2",NA,NA
"NSF",NA,0.649088546100314
"NSFP1",NA,0.0917511440945122
"NT5C1B",0.190398,0.136427486699666
"NT5C1B-RDH14",0.142876,0.0455923976415404
"NT5C2",NA,0.299808228665827
"NT5C3B",NA,NA
"NTPCR",0.287835,0.0248151970150088
"NUAK2",0.294077,0.45002727564262
"NUCKS1",NA,0.272063561997368
"NUDT12",0.169541,0.236671793329662
"NUDT18",0.887413,0.267712972574478
"NUDT2",NA,0.255046397658602
"NUP210L",0.655434,0.623136451771409
"NUP42",NA,NA
"NUP54",NA,0.441855786087368
"NUPR1",0.451005,0.00933257440002422
"OAZ1",NA,0.0618973046607748
"ODAPH",NA,NA
"ODF4",NA,0.337541007084561
"OGA",NA,NA
"OGFOD2",0.847029,0.365853599078557
"OGFRL1",NA,0.0178179013661017
"OLAH",0.926938,0.240378118075711
"OLFML2B",0.691487,0.112653644506392
"ONECUT3",NA,0.630626345781803
"OPCML",0.38292,0.215687080097955
"OR10C1",0.232043,0.330869755238316
"OR11A1",0.628246,0.114630549481115
"OR12D1",NA,NA
"OR12D2",0.643607,0.117506264792826
"OR12D3",0.0981448,0.400015584515604
"OR13C2",NA,0.0174392543502004
"OR13C3",0.103113,0.00992701945389412
"OR13C4",0.0787312,0.175021107965936
"OR13C5",0.703767,0.0104128644694976
"OR13C8",0.647718,0.251861754450653
"OR13C9",0.580691,0.0993384543021562
"OR13D1",0.519946,0.105410754795322
"OR13F1",0.311843,0.00164675240611435
"OR14J1",0.753554,0.088291731640884
"OR1F12",NA,NA
"OR2B2",0.479228,0.13541348233282
"OR2B6",0.514899,0.0436942735929442
"OR2H1",1,0.046364588047202
"OR2H2",0.187515,0.407593934274387
"OR2J2",0.0999166,0.387708444158448
"OR5V1",0.789915,0.149780912025019
"ORAI3",NA,0.363373522855598
"OTOL1",0.221118,0.0832028580503996
"OXGR1",0.187274,0.309686863268717
"P2RX2",0.219584,0.448009858526494
"P2RY12",NA,0.0396660167747983
"P2RY13",0.761508,0.235010878992532
"P2RY14",NA,0.385295935894669
"P3H4",NA,NA
"P4HTM",0.644577,0.107296630159132
"PAGR1",NA,NA
"PALLD",0.662759,0.53049752496501
"PAM",0.759572,0.383610352594262
"PARL",NA,0.0956978775773858
"PARP1",0.213225,0.25460871776407
"PARP14",0.0975782,0.108270024747194
"PARP15",0.113399,0.279785223876692
"PARP9",0.0721832,0.025502484839747
"PART1",NA,NA
"PAX9",NA,0.119522596959524
"PBX2",NA,0.183981799656595
"PBXIP1",1,0.204067542272882
"PCBD2",NA,0.686550826139956
"PCF11",0.177877,0.194603179117317
"PCF11-AS1",NA,NA
"PCGF3",NA,0.6812744557445
"PCNA",NA,0.0316595092598025
"PCNA-AS1",NA,0.47861235917387
"PCNX2",NA,NA
"PCP4L1",0.473545,0.0592320968631068
"PCSK4",0.488064,0.11817161324452
"PDCD4",0.53991,0.0371983642777147
"PDCD4-AS1",NA,NA
"PDE4D",0.0988053,0.0552383654407895
"PDE6B",0.144744,0.216030440864432
"PDE8B",0.544413,0.340760242251644
"PDGFRL",0.449873,0.455201511999252
"PDIA5",NA,0.673755841227231
"PDLIM2",0.277707,0.132970909026048
"PDZRN4",0.6419,0.725537678455665
"PEAK3",NA,NA
"PEBP4",0.691042,0.155946523459598
"PER1",0.169798,0.00119775750943252
"PFAS",0.19247,0.0217589238972193
"PFDN2",NA,0.78969380390526
"PFDN6",0.94576,NA
"PFKFB4",NA,0.351911409926892
"PGAM5",0.190426,0.182338291521285
"PGBD1",0.036513,0.0130680525506232
"PGF",NA,0.143344083099186
"PGS1",NA,0.818865976654641
"PHF1",0.572029,0.172460279630475
"PHF11",NA,0.000822935159130349
"PHF23",0.558302,0.314946723424342
"PHF24",NA,NA
"PHKG2",0.736245,0.163626618663911
"PHYHIP",NA,0.264033599813831
"PIGC",NA,0.704557094327454
"PIGG",1,0.0375292986898992
"PIGP",NA,0.606379634488825
"PITPNM2",0.00145834,0.346461880336356
"PITPNM2-AS1",NA,NA
"PITPNM3",0.283216,0.0687242927206575
"PITX1",NA,0.172574886683262
"PITX3",NA,0.485331569170881
"PIWIL2",0.654411,0.00274230945163745
"PKD1P4-NPIPA8",NA,NA
"PKD1P5-LOC105376752",NA,NA
"PKLR",0.2299,0.0963651675812437
"PLCD3",NA,0.543869653254828
"PLEKHA8P1",NA,NA
"PLEKHH3",0.398958,0.474611880289293
"PLEKHJ1",NA,0.224832818146258
"PLEKHM1",NA,0.00344169530476035
"PLK5",NA,NA
"PLPP4",NA,NA
"PLSCR3",NA,0.160859777203554
"PLXNB1",0.522959,0.0526243359457949
"PM20D1",0.276039,0.31110543134822
"PMF1",0.845204,0.385916224750631
"PMF1-BGLAP",0.804123,0.333354630199351
"PMS2P4",NA,NA
"PMVK",0.0678162,0.0340676962306997
"POC5",0.00214009,0.239062386255357
"POLE",0.0628956,0.0435531279867667
"POLK",0.183001,0.280331095399694
"POLL",0.415945,0.103437538500057
"POLQ",0.700999,0.544162284192431
"POLR2A",NA,0.21522068068055
"POLR3D",0.00199483,0.505034488513809
"POM121L2",0.0717684,NA
"POU5F1P4",NA,NA
"PPEF2",0.060628,0.637605411561286
"PPIAP30",NA,NA
"PPIP5K2",0.503971,0.0501470437313107
"PPM1L",0.634447,0.271737278904673
"PPOX",0.0903887,0.0434139794747354
"PPP1R10",0.374002,0.00605783096889127
"PPP1R11",NA,0.24222170180544
"PPP1R18",NA,NA
"PPP2CA",NA,0.000133165036571681
"PPP3CC",0.133957,0.39081458454156
"PPP4C",NA,0.362407538085697
"PPRC1",0.904998,0.0174023642097104
"PPT2",NA,0.481087049352145
"PPT2-EGFL8",0.471108,0.0243758524681225
"PPY",NA,0.504031116841314
"PRCP",0.812088,0.496660998245302
"PRDX3",0.657892,0.157178268395307
"PRKAR2A",0.970474,0.00507376441922869
"PRKAR2A-AS1",NA,NA
"PROKR2",0.818038,0.646802729511495
"PROM1",1,0.346637330833069
"PROM2",0.546159,0.172612042280433
"PROX2",0.418802,0.168597510687738
"PRR14",NA,0.469305981238843
"PRR3",0.674347,0.00426112803609757
"PRRC2A",0.656135,0.0464734794977885
"PRRC2C",0.788472,0.00067035436629781
"PRRT1",0.865437,0.00108739625774712
"PRRT2",0.692182,0.385678491890819
"PRSS16",NA,0.215733846151378
"PRSS3",0.158085,0.00276538642205337
"PRSS36",0.537098,0.0528735797755555
"PRSS53",0.0188685,0.0933929319713406
"PRSS8",NA,0.447611384644025
"PSD",0.434858,0.30875385493337
"PSEN2",0.0645505,0.0506980271809044
"PSMB8",0.105394,0.288657873382547
"PSMB8-AS1",NA,NA
"PSMB9",0.350336,0.0308732459527584
"PSMC3IP",0.84766,0.562907966009251
"PSMD9",0.138184,0.09161226233655
"PSME3",0.0386565,NA
"PSORS1C1",0.569611,0.434036314482611
"PSORS1C2",0.888588,0.404370690874585
"PTENP1",NA,NA
"PTENP1-AS",NA,NA
"PTER",NA,NA
"PTGES3L",NA,NA
"PTGES3L-AARSD1",NA,NA
"PTPN21",0.226096,0.0634176688894914
"PUS1",0.406416,0.151309201465722
"PWWP3A",NA,NA
"PXMP2",0.224817,0.0566301093525214
"PYCARD",NA,0.38997085710507
"PYCARD-AS1",NA,NA
"PYCR2",NA,0.0905865602203879
"PYDC1",NA,0.388867062219558
"PYGO2",0.200493,0.22995464731157
"PYY",NA,0.66144249695819
"QARS",0.491594,0.481284225304972
"QDPR",0.27446,0.287843246634381
"QPRT",NA,0.977548568999423
"QRICH1",NA,0.0532945139222132
"R3HCC1",0.664533,NA
"R3HDM1",0.142451,0.0259754338368127
"RAB13",0.819963,0.104224308730487
"RAB25",0.659191,0.130712252548602
"RAB29",NA,NA
"RAB30",NA,0.288209943391673
"RAB30-DT",NA,NA
"RAB3GAP1",0.052196,0.208428377066945
"RAB5C",0.0459219,0.136122894403545
"RABEP2",0.990367,0.0231682204747967
"RABGEF1",NA,0.339694939640135
"RACGAP1P",NA,NA
"RAD51AP2",0.113844,0.0164504859884169
"RALGAPA1P1",NA,NA
"RAMP2",NA,NA
"RAMP2-AS1",NA,NA
"RANGRF",0.386721,0.52802481551765
"RAP2A",NA,NA
"RAPGEF5",0.604981,0.21119944510142
"RASSF5",NA,0.0792635226057012
"RB1",0.470738,0.473814206575285
"RBBP5",NA,0.0787931803814286
"RBFOX3",NA,NA
"RBL2",0.0761296,0.138733226706484
"RBM20",0.855894,NA
"RBMS3",0.530757,0.00769625820736086
"RBMS3-AS3",NA,NA
"RCBTB1",0.0921498,0.429780953476608
"RCBTB2",0.777482,0.014140794610155
"RCHY1",NA,0.165658007185271
"RDH14",0.490303,0.0354402080540673
"REEP4",0.226473,0.374920475659869
"REEP6",0.228916,0.181097854385425
"RETREG3",NA,NA
"REV3L",0.313996,0.0647891512413303
"REXO1",0.180439,0.0285264908106813
"RFPL4B",0.770204,0.325596046522649
"RFX8",0.546566,NA
"RGL2",0.54493,0.465971741892499
"RGS10",NA,0.0581454417645967
"RHEX",NA,NA
"RHOA",NA,NA
"RHOBTB2",0.209061,0.656970174751127
"RILPL1",0.527388,0.622737389411446
"RILPL2",NA,0.335194988489811
"RIMS1",0.655083,0.0159990874885417
"RING1",0.82706,0.144896134106172
"RIPPLY3",NA,NA
"RIT1",NA,0.135662491856982
"RIT2",0.692452,0.458426066342339
"RNASEK",0.99707,0.758119570982406
"RNASEK-C17orf49",NA,NA
"RND2",NA,0.246930939393125
"RNF113B",0.676383,0.452332865427185
"RNF123",6.28803e-05,0.180107608715443
"RNF141",NA,0.339667222672169
"RNF149",0.839444,0.0606034851618886
"RNF212",0.164301,0.0752054309606455
"RNF222",NA,NA
"RNF227",NA,NA
"RNF39",0.603042,0.109237949222957
"RNF40",0.000604116,0.0615260139219767
"RNF5",NA,0.641641220520592
"RORA",NA,0.166450101097026
"RPARP-AS1",NA,NA
"RPEL1",NA,NA
"RPF2",NA,0.247221429056963
"RPGRIP1L",0.179882,0.0449690557164664
"RPL13AP3",NA,NA
"RPL13AP6",NA,NA
"RPL21",NA,0.449773565189409
"RPL26",NA,0.456889059043205
"RPL27",NA,0.093464943705271
"RPL29P2",NA,NA
"RPL31",0.283012,0.252819596816087
"RPL31P11",NA,NA
"RPP21",0.210875,0.140919145363925
"RPP25L",NA,NA
"RPP38",0.0830709,0.405657632144919
"RPP38-DT",NA,NA
"RPRML",NA,NA
"RPS12",NA,0.107537292619702
"RPS15",NA,0.412358063263035
"RPS15A",NA,NA
"RPS18",NA,NA
"RPS27",NA,0.609429198630451
"RPS2P32",NA,NA
"RPS6KL1",0.0870924,0.295061781464782
"RRN3P2",NA,NA
"RSRC2",0.185035,0.130414249309756
"RUNDC1",0.723733,0.928332754332458
"RUNDC3A",0.972636,0.12433354834872
"RUNDC3A-AS1",NA,NA
"RUSC1",0.5458,0.364728088791831
"RUSC1-AS1",0.671944,0.356981731984655
"RXFP4",0.83411,0.617845766862688
"RXRB",NA,0.0604187535224254
"S100Z",NA,NA
"S1PR4",0.476722,0.0980685071540801
"SALL1",0.615418,0.83887407241988
"SAMD4A",0.257981,0.000295943547324187
"SAPCD1",NA,NA
"SAPCD1-AS1",NA,NA
"SAR1B",NA,0.171184994735502
"SAT2",NA,0.221178196825551
"SATB1",0.589311,0.010358457423822
"SATB1-AS1",NA,NA
"SBDS",NA,0.232556642869858
"SBF2",0.00549503,0.385163697863577
"SBF2-AS1",NA,NA
"SBK1",0.365679,0.473214652067874
"SBNO1",0.25713,0.355377855750974
"SBNO1-AS1",NA,NA
"SCAF11",0.36061,0.25292202772957
"SCAMP3",0.0162121,0.185145550896485
"SCAMP4",0.278769,0.119647316863517
"SCARB2",0.000149583,0.107604304845837
"SCARNA21",NA,NA
"SCARNA26A",NA,NA
"SCARNA26B",NA,NA
"SCARNA4",NA,NA
"SCARNA7",NA,NA
"SCAT1",NA,NA
"SDAD1",0.00025379,0.242881284529329
"SDE2",NA,NA
"SDHC",NA,0.223095297327481
"SEC22A",NA,0.441988029051658
"SEC23IP",0.177597,0.0463125312213718
"SEC24A",0.812613,0.000634499309367569
"SELENOT",NA,NA
"SEMA4A",0.320503,0.681634263565967
"SEMA5B",0.051224,0.104898811241032
"SENP3",0.936333,0.231814182603498
"SENP3-EIF4A1",0.936333,0.231814182603498
"SEPHS2",NA,0.144088234690584
"SEPTIN1",NA,NA
"SEPTIN11",NA,NA
"SEPTIN9",NA,NA
"SERP1",NA,0.493577617321378
"SETD1A",0.728058,0.653546303207151
"SETDB2",NA,0.0634263998193201
"SETDB2-PHF11",NA,NA
"SEZ6L2",0.000543103,0.0795549808065795
"SF3A2",NA,0.243387651434015
"SFSWAP",0.198237,0.389136620046723
"SFTA2",NA,0.0704819662272423
"SFTPC",0.906728,0.209948901026086
"SFXN2",0.497039,0.20672487734677
"SFXN4",NA,0.0940453152988043
"SGF29",NA,NA
"SGTA",0.521992,0.0527455691576959
"SH2B1",0.895431,0.00606587311931195
"SH2D1B",NA,0.235059212875141
"SH3GL2",0.683335,0.293992231482504
"SH3RF1",1,0.00781859092338346
"SHBG",0.278664,0.177171031549852
"SHC1",0.0001052,0.115457032778042
"SHE",NA,0.142020835099141
"SHISA5",NA,0.352369068614486
"SHLD1",NA,NA
"SHOC2",NA,0.225517039258762
"SHROOM3",0.00168408,0.121992424148934
"SIAH2",NA,0.910223068167402
"SIGMAR1",0.0883917,0.148094868402204
"SIM2",0.954705,0.542066843146221
"SIPA1L2",0.261909,0.443598816262499
"SKA1",0.828506,0.363732399663922
"SKIV2L",0.848548,0.0429876642237175
"SKP1",NA,NA
"SLAMF1",NA,0.314810706463855
"SLAMF6",NA,0.424149661609659
"SLAMF7",0.617852,0.52931869817042
"SLBP",0.160525,0.487791293040545
"SLC13A5",NA,0.0392814563079915
"SLC15A2",NA,0.229637786628313
"SLC16A10",0.150281,0.148150224285161
"SLC16A11",0.746973,0.200789390893358
"SLC16A13",NA,0.348788762012553
"SLC18B1",NA,NA
"SLC25A20",0.965391,0.23624035269905
"SLC25A21",0.206438,0.319314263089201
"SLC25A21-AS1",NA,NA
"SLC25A35",0.617291,0.270922567247099
"SLC25A37",NA,0.596356125126081
"SLC25A39",NA,0.059903107736623
"SLC25A44",NA,0.665497820565165
"SLC25A48",0.101733,0.202775512197245
"SLC25A48-AS1",NA,NA
"SLC26A1",0.0180946,0.0663608140089749
"SLC26A6",0.776664,0.215930695542596
"SLC26A9",0.557778,0.325667009843791
"SLC2A13",0.0027111,0.634312602067686
"SLC2A4",0.391702,0.0459431157727493
"SLC35G5",NA,NA
"SLC35G6",NA,NA
"SLC38A1",0.442546,0.555388328220275
"SLC38A2",0.46356,0.0964162570117232
"SLC38A4",0.208841,0.137045227512677
"SLC39A1",NA,0.572274730078608
"SLC39A14",NA,0.457698269507893
"SLC39A3",0.707814,0.205456789022018
"SLC39A7",0.0207889,0.0503305856866016
"SLC41A1",NA,0.0971435066296559
"SLC44A1",0.503252,0.122549419183572
"SLC44A4",0.209287,0.0587340081011088
"SLC45A3",0.0460242,0.0455857350717581
"SLC49A3",NA,NA
"SLC49A4",NA,NA
"SLC4A1",0.328369,0.150913893929572
"SLC50A1",0.857815,0.0959064017407802
"SLC5A2",0.361028,0.564686122181163
"SLC7A2",0.0915492,0.0616097759207102
"SLC9A2",0.454995,0.377539203837983
"SLC9A4",1,0.145277051129505
"SLCO4C1",0.00297727,0.0358836989893433
"SLCO6A1",0.291037,0.143231678506738
"SLX1A",NA,0.0823177601166984
"SLX1A-SULT1A3",NA,0.0823177601166984
"SLX1B",NA,0.0823177601166984
"SLX1B-SULT1A4",NA,0.0823177601166984
"SMAD4",0.832635,0.363860889632878
"SMAP1",0.0881562,0.0280099321385571
"SMARCC1",0.56785,0.27661027644434
"SMC3",NA,0.0235546040239056
"SMC4",NA,0.407492185212863
"SMC6",NA,0.23713589228801
"SMG1",0.899376,0.208676103272897
"SMG1P2",NA,NA
"SMG1P5",NA,NA
"SMG1P6",NA,NA
"SMIM15",NA,NA
"SMIM15-AS1",NA,NA
"SMIM40",NA,NA
"SMNDC1",NA,0.751540576846649
"SMU1",NA,NA
"SNAP47",0.272323,0.0892317520882833
"SNCA",NA,0.267764617261949
"SNCA-AS1",NA,NA
"SNHG26",NA,NA
"SNHG32",NA,NA
"SNORA112",NA,NA
"SNORA15B-1",NA,NA
"SNORA15B-2",NA,NA
"SNORA19",NA,NA
"SNORA22",NA,NA
"SNORA30",NA,NA
"SNORA33",NA,NA
"SNORA38",NA,NA
"SNORA40B",NA,NA
"SNORA47",NA,NA
"SNORA48",NA,NA
"SNORA49",NA,NA
"SNORA58B",NA,NA
"SNORA63D",NA,NA
"SNORA63E",NA,NA
"SNORA67",NA,NA
"SNORA70E",NA,NA
"SNORA75B",NA,NA
"SNORA80C",NA,NA
"SNORA80E",NA,NA
"SNORA94",NA,NA
"SNORA99",NA,NA
"SNORA9B",NA,NA
"SNORD10",NA,NA
"SNORD100",NA,NA
"SNORD101",NA,NA
"SNORD118",NA,NA
"SNORD121A",NA,NA
"SNORD121B",NA,NA
"SNORD153",NA,NA
"SNORD166",NA,NA
"SNORD32B",NA,NA
"SNORD48",NA,NA
"SNORD52",NA,NA
"SNORD65C",NA,NA
"SNORD89",NA,NA
"SNORD93",NA,NA
"SNORD97",NA,NA
"SNRNP200",0.511851,0.41307232926611
"SNRNP35",NA,0.46596204942841
"SNX20",0.229115,0.196907741876075
"SNX29P2",NA,NA
"SOCS3",NA,0.125804189049934
"SOCS4",0.0910212,0.788730615735029
"SORBS3",0.119358,0.266535357564615
"SOST",0.264149,0.193958213100917
"SOWAHB",NA,NA
"SOX15",NA,0.0625639571083169
"SPATA19",NA,0.196271477468434
"SPATA32",NA,NA
"SPATA46",NA,NA
"SPATA7",NA,0.057333835171029
"SPC25",0.925155,0.284361819174106
"SPEM1",0.684786,0.100376957438974
"SPEM2",NA,NA
"SPEM3",NA,NA
"SPINK4",0.411486,0.00866745168480643
"SPINK8",0.735344,0.362420446982601
"SPN",0.484995,0.131374915435652
"SPNS1",0.0961379,0.227733178521663
"SPON2",0.539034,0.0902889516526119
"SPPL2B",NA,0.0109269310269582
"SPPL2C",NA,NA
"SPRYD7",NA,NA
"SPTSSB",NA,NA
"SRCAP",0.255905,2.56137691637681e-05
"SRGAP2",NA,0.146027122710209
"SRGAP2D",NA,NA
"SRP9",NA,NA
"SSR2",NA,0.199513994904058
"SSTR1",NA,0.138667264528774
"ST13P4",NA,NA
"STAG3L4",NA,0.36165320016336
"STARD7",0.755208,0.337144536220316
"STARD7-AS1",NA,NA
"STAT3",NA,0.182882982933086
"STAT5A",NA,0.373376828680154
"STAT5B",NA,0.696377163682034
"STBD1",0.0282664,0.316411850087818
"STEAP1B",NA,NA
"STH",NA,0.432043105086157
"STK19",0.770007,0.157243444500041
"STK31",0.155659,0.180134613071473
"STK39",0.0302416,0.0295466803437623
"STUM",NA,NA
"STX1B",NA,0.114644967016507
"STX4",NA,0.00890563192536453
"STX7",0.957121,0.220810154099614
"SUCNR1",NA,0.0314319438826562
"SUCO",NA,NA
"SUFU",0.539707,0.126548408400842
"SUGT1P1",NA,NA
"SULT1A1",NA,0.0773670009897219
"SULT1A2",NA,0.589076094741988
"SULT1A3",NA,0.0823177601166984
"SULT1A4",NA,0.0823177601166984
"SUV39H2",NA,0.507970978167437
"SV2C",0.0396384,0.0118398091861883
"SWAP70",NA,0.201082493328933
"SYNDIG1L",NA,NA
"SYNGAP1",0.360046,0.0395240213198003
"SYNGR2",NA,0.334630777480095
"SYT11",NA,0.950406703252678
"SYT17",0.018861,0.0206206620964153
"SYT4",0.20151,0.31420684166735
"TAAR1",NA,0.0673365530699956
"TAAR2",0.819385,0.30541684371625
"TAAR3P",NA,NA
"TAAR5",0.268815,0.132281998746444
"TAAR6",0.223843,0.39812995525094
"TAAR8",0.792075,0.305333208954157
"TAAR9",NA,0.0738460572870854
"TACC3",0.244289,0.372759964073726
"TAL2",NA,0.522538296907617
"TAOK2",NA,0.0368234822350032
"TAP1",0.318092,0.19046863229374
"TAP2",0.139806,0.191577794714081
"TAPBP",0.0331089,0.409207670362221
"TAPT1",0.141512,0.820160769333422
"TAPT1-AS1",NA,NA
"TARID",NA,NA
"TBC1D10B",0.44554,0.665259643367704
"TBC1D3P2",NA,NA
"TBC1D5",0.322242,0.0944771270440263
"TBC1D8",0.489008,0.0540354721521164
"TBC1D8-AS1",NA,NA
"TBKBP1",0.336995,0.286078661295679
"TBPL2",0.460618,0.0842045432366149
"TBX2",0.709496,0.0496175593276287
"TBX2-AS1",NA,NA
"TBX21",0.080822,0.0688987879377898
"TBX4",0.0284456,0.131424559451605
"TBX6",0.316154,0.035035682034147
"TCF21",0.617803,0.0330808677771628
"TCF3",NA,0.113716858326126
"TCF7",0.100866,0.0258245047451555
"TCTA",NA,0.226061150201323
"TCTN2",0.253042,0.143397597685494
"TDH",NA,NA
"TDRD10",0.277326,0.0116303995282209
"TEKT1",0.189362,0.141554119373948
"TEKT4",0.000112542,4.41868763800812e-13
"TENT4B",NA,NA
"TGFB1I1",NA,0.336451764106216
"THAP6",0.360707,0.308162344836601
"THBS3",0.839341,0.096149056232351
"THCAT158",NA,NA
"THOP1",NA,0.448751849970007
"THYN1",NA,0.274130235754482
"TIAL1",NA,NA
"TIFAB",NA,0.0143447368841119
"TIGD2",0.404386,0.26994339587665
"TIMM13",NA,0.395271685198934
"TIMP2",NA,0.409655784326052
"TK1",0.00631689,0.38079481715122
"TLCD3B",NA,NA
"TLE2",0.186454,0.0734283262568045
"TLE5",NA,NA
"TLE6",0.00463121,0.349746931847753
"TLK2",NA,0.0519939658581562
"TLN2",0.572199,0.0918256255930314
"TMA7",NA,NA
"TMC5",0.0353858,0.124644835412283
"TMC6",0.0283848,0.0435068365795286
"TMC7",0.23475,0.262481714134535
"TMC8",0.000352494,0.247485628692802
"TMCC2",0.742246,0.376116769537651
"TMED10",NA,0.516513898100262
"TMED11P",NA,NA
"TMED2",NA,0.335760089788543
"TMED2-DT",NA,NA
"TMEM101",0.943964,0.245195464800851
"TMEM102",0.327625,0.280338264383347
"TMEM106A",0.447661,0.0288547255146313
"TMEM107",NA,0.446522889704897
"TMEM127",NA,0.31746026922382
"TMEM129",0.941425,0.0655471504645339
"TMEM14EP",NA,NA
"TMEM163",NA,0.0716965738579212
"TMEM175",0.212351,0.159574163352525
"TMEM182",0.830861,0.16076655485446
"TMEM219",NA,0.559949223138909
"TMEM230",NA,NA
"TMEM235",NA,NA
"TMEM248",NA,NA
"TMEM256",NA,NA
"TMEM256-PLSCR3",NA,NA
"TMEM265",NA,NA
"TMEM271",NA,NA
"TMEM38B",0.474312,0.320337928696415
"TMEM63A",0.419691,0.00494415164494688
"TMEM81",0.284455,0.0985524118027307
"TMEM88",0.646781,0.102489199200284
"TMEM89",NA,0.0128423717545565
"TMEM95",0.433048,0.0620760476913907
"TMPRSS9",0.0949388,0.108781205426669
"TMUB2",0.325263,0.318810096612569
"TNFRSF10A",0.354757,0.0351496269129841
"TNFRSF10B",0.812187,0.304701539365846
"TNFRSF10C",0.607929,0.00999365779611483
"TNFRSF10D",0.254676,0.00801517664037705
"TNFSF12",NA,0.287468745560552
"TNFSF12-TNFSF13",NA,0.184580951929157
"TNFSF13",NA,0.0236987591306992
"TNK1",0.591813,0.0108224875513009
"TNRC6C",0.0224154,0.192373848768207
"TNRC6C-AS1",NA,NA
"TNXA",NA,NA
"TNXB",0.115522,0.221767408676089
"TOB2P1",NA,NA
"TOMM40L",0.182985,0.784588724777433
"TOMM7",NA,NA
"TOP1P1",NA,NA
"TOX3",0.243479,0.695130506597092
"TP53",NA,0.604812442470029
"TPM3",NA,0.893133890203807
"TPST1",0.435109,0.366870074176078
"TRA2A",NA,0.394471398760596
"TRAF3IP2",0.814869,0.269154809181639
"TRAF3IP2-AS1",0.814869,0.269154809181639
"TRAPPC1",NA,0.737892632190742
"TREX1",0.581271,0.163608331506923
"TRIM10",0.137024,0.0536315494931751
"TRIM13",NA,0.68268937650373
"TRIM15",0.350981,0.0091028421158989
"TRIM26",0.630194,0.156445116575678
"TRIM31",0.14553,0.221555415300465
"TRIM31-AS1",NA,NA
"TRIM39",NA,0.0744914362915182
"TRIM39-RPP21",0.210875,0.0837172428171265
"TRIM40",0.0904439,0.0221692031654245
"TRIM43",NA,0.413246582761309
"TRIM43B",NA,NA
"TRIM46",0.801453,0.227751750629476
"TRIM59",0.697724,NA
"TRIM59-IFT80",NA,NA
"TRIM72",NA,0.213979519990231
"TRIM8",0.0246764,0.264043128354042
"TRMT6",NA,0.786282141290373
"TSBP1",NA,NA
"TSBP1-AS1",NA,NA
"TSC22D2",0.418465,0.123527332810035
"TSNAX",0.548079,NA
"TSNAX-DISC1",0.339277,0.0781716311185965
"TSTD1",NA,NA
"TTC25",NA,0.0925388986022309
"TTC3",0.375265,0.134512579617333
"TTC3-AS1",NA,NA
"TTC6",NA,NA
"TTC8",0.65841,0.192311990681701
"TTLL5",0.49235,0.033636023402409
"TUBB",0.682499,0.845836975920344
"TUBE1",0.171509,0.34308289154378
"TUBG1",0.997045,0.675275867538541
"TUBG2",NA,0.420743636380546
"TUFM",NA,0.283713611597437
"TXNDC15",NA,0.532237901919722
"TXNDC17",0.191775,0.478784314349731
"TYW1",0.0759132,0.235441679399266
"UBAP1",0.890386,0.187430685850959
"UBAP2",0.0376229,0.00550116688654727
"UBAP2L",0.775354,0.520825460902306
"UBD",0.284392,0.198985384125228
"UBE2B",NA,NA
"UBE2Q1",0.0319008,NA
"UBE2Q1-AS1",NA,NA
"UBE2R2",NA,0.529014003985683
"UBQLN4",0.571011,0.164755848882135
"UBTF",NA,0.0391019881525885
"UCN2",0.686802,0.144866243151205
"UFC1",0.896359,0.188237226598755
"UHMK1",0.454134,0.116301267939167
"ULK1",0.432413,0.374890481876648
"UQCR11",NA,NA
"UQCRC1",0.490464,0.0836554026448549
"USF1",NA,0.664192703856974
"USO1",NA,0.173319652379976
"USP17L2",NA,0.0988175671590786
"USP17L7",NA,NA
"USP19",1,0.0136756781906063
"USP21",0.0331861,0.215883824785555
"USP36",0.227419,0.128497677692019
"USP4",0.0018829,0.090444118682665
"UVSSA",NA,NA
"VAMP2",0.447169,0.292901737922831
"VAMP4",NA,NA
"VARS",0.344425,0.0493843283091557
"VARS2",0.0474185,0.152289160412698
"VAT1",NA,0.250627368356587
"VDAC1",NA,0.105145119431679
"VKORC1",0.0929869,0.0555859040089997
"VKORC1L1",NA,0.256508997519273
"VN1R10P",NA,NA
"VN1R3",NA,NA
"VNN1",0.777373,0.176037993678685
"VNN2",0.00336805,0.682838297662913
"VNN3",0.485611,NA
"VPS13C",0.00419625,0.0836963783376045
"VPS25",NA,0.0229277804125851
"VPS26B",NA,0.476514721464228
"VPS26C",NA,NA
"VPS33A",1,0.110977167509982
"VPS35L",NA,NA
"VPS37A",0.389037,0.246353806433426
"VPS37B",0.511561,0.48740166536341
"VPS52",1,0.250921595001954
"VRTN",0.838086,0.0119924299229017
"VSNL1",NA,0.470290814719442
"VSX2",0.426749,0.0310047805382245
"VWA7",NA,NA
"WBP1L",NA,NA
"WDHD1",0.0822021,0.430132525450801
"WDR11-AS1",NA,NA
"WDR46",NA,0.279651888202676
"WDR5B",0.171248,0.0377603676317741
"WDR6",0.118702,0.0956452118804886
"WDR66",0.0592801,0.0181072389949516
"WEE1",0.531906,0.129956861034238
"WNK4",0.032362,0.00780685142383009
"WNT3",NA,0.0801189870731746
"WNT9B",0.0682774,0.763436901025207
"WRAP53",0.625666,0.0218933832565531
"WSPAR",NA,NA
"XAF1",NA,0.0947182237277975
"XIRP2",0.497642,0.00337662696147101
"XKR6",NA,0.264347370694487
"XPO6",0.0122126,0.156220325007213
"XPO7",NA,0.588681069868838
"YBX2",NA,0.116228190926233
"YBX3P1",NA,NA
"YEATS2",0.111172,0.224406344806518
"YEATS2-AS1",NA,NA
"YLPM1",0.895494,0.198555153956461
"YPEL3",0.917542,0.388793686567378
"YY1AP1",0.409072,0.0342322134591589
"ZBED3",NA,NA
"ZBED3-AS1",NA,NA
"ZBED5",0.712389,NA
"ZBED5-AS1",NA,NA
"ZBED9",NA,NA
"ZBTB12",0.0745889,0.534649981906636
"ZBTB22",0.34825,0.324412346277921
"ZBTB4",0.00575804,0.0844920147367363
"ZBTB7B",0.252281,0.0291397079397799
"ZBTB9",0.785019,0.00382883263249254
"ZC2HC1C",NA,NA
"ZC3H14",0.642741,0.535210620006121
"ZCCHC8",0.830629,0.0663412427570678
"ZCWPW2",0.742096,0.283032416026086
"ZDHHC2",NA,0.0587462831379487
"ZFP57",0.555433,0.0236926137253589
"ZG16",0.0699759,NA
"ZGRF1",NA,NA
"ZKSCAN3",1,0.273346479221717
"ZKSCAN4",0.564381,0.14485804987292
"ZKSCAN8",NA,NA
"ZNF10",0.143199,0.237559335452107
"ZNF140",NA,0.310713534435862
"ZNF141",0.252207,0.0997759139476391
"ZNF165",0.022394,0.103726458232066
"ZNF184",0.370061,0.0786431688052353
"ZNF192P1",NA,NA
"ZNF2",NA,0.0258434258555933
"ZNF204P",NA,NA
"ZNF26",NA,NA
"ZNF267",0.968624,0.156170903047765
"ZNF268",0.808883,0.369252573482076
"ZNF385C",NA,NA
"ZNF391",0.310813,0.231520061883613
"ZNF410",NA,0.0405782529833236
"ZNF423",0.0666727,0.589103362330692
"ZNF48",0.0168112,0.231872552954315
"ZNF514",1,0.131546514046749
"ZNF554",0.440412,0.284598191340242
"ZNF555",NA,0.0183586919911792
"ZNF556",0.199099,0.598488394248244
"ZNF57",0.293806,0.00233327074731071
"ZNF589",NA,0.477399076316426
"ZNF595",NA,0.479471995696551
"ZNF605",NA,0.824892053779048
"ZNF629",0.188366,0.0893762819044894
"ZNF646",0.427463,0.129592660905033
"ZNF668",0.992245,0.638683715536845
"ZNF678",0.298335,0.276136754498267
"ZNF688",0.246389,0.332344984936031
"ZNF689",0.268101,0.385567600960853
"ZNF705D",NA,0.203531695637852
"ZNF718",0.249642,0.441086883382302
"ZNF720",NA,NA
"ZNF721",0.183683,0.0203584827056593
"ZNF732",0.37549,NA
"ZNF747",0.313712,0.626380036808461
"ZNF764",0.693748,0.0736858557068812
"ZNF768",0.391553,0.24568211851861
"ZNF77",0.194996,0.0590095862063856
"ZNF771",0.259697,0.193057726916866
"ZNF785",1,0.0176728846609292
"ZNF84",NA,NA
"ZNF843",NA,NA
"ZNF847P",NA,NA
"ZNF876P",NA,NA
"ZNF891",NA,NA
"ZNRD1",0.374584,0.108145034717759
"ZNRD1ASP",NA,NA
"ZRANB3",0.0184078,0.00281528599379102
"ZSCAN12",0.593199,NA
"ZSCAN12P1",NA,NA
"ZSCAN16",0.0110214,NA
"ZSCAN16-AS1",NA,NA
"ZSCAN23",NA,NA
"ZSCAN26",NA,NA
"ZSCAN31",NA,NA
"ZSCAN9",NA,NA
"ZSWIM6",0.158461,NA
