LOC_NUM,RSID,CHR,BP,META5_NOM_GENE
1,rs114138760,1,154898185,
1,rs35749011,1,155135036,
1,rs76763715,1,155205634,GBAP1
2,rs6658353,1,161469054,FCGR2A
3,rs11578699,1,171719769,VAMP4
4,rs823118,1,205723572,NUCKS1
4,rs11557080,1,205737739,RAB29
5,rs4653767,1,226916078,ITPKB
6,rs10797576,1,232664611,
7,rs76116224,2,18147848,
8,rs2042477,2,96000943,KCNIP3
9,rs11683001,2,102396963,MAP4K4
10,rs57891859,2,135464616,TMEM163
11,rs1474055,2,169110394,STK39
12,rs73038319,3,18361759,SATB1
13,rs6808178,3,28705690,
14,rs12497850,3,48748989,IP6K2
15,rs55961674,3,122196892,KPNA1
16,rs11707416,3,151108965,
17,rs1450522,3,161077630,NMD3
18,rs10513789,3,182760073,MCCC1
19,rs873786,4,925376,GAK
19,rs34311866,4,951947,TMEM175
20,rs4698412,4,15737348,BST1
21,rs34025766,4,17968811,DCAF16
22,rs6825004,4,77110365,SCARB2
22,rs4101061,4,77147969,FAM47E
22,rs6854006,4,77198054,FAM47E
23,rs356182,4,90626111,SNCA
23,rs5019538,4,90636630,SNCA
24,rs13117519,4,114369065,CAMK2D
25,rs62333164,4,170583157,NEK1
26,rs1867598,5,60137959,ELOVL7
27,rs26431,5,102365794,PAM
28,rs11950533,5,134199105,TXNDC15
29,rs4140646,6,27738801,TXNDC15
30,rs9261484,6,30108683,TRIM40
31,rs112485576,6,32578772,HLA-DRB5
32,rs12528068,6,72487762,
33,rs997368,6,112243291,
34,rs75859381,6,133210361,
35,rs199351,7,23300049,GPNMB
36,rs76949143,7,66009851,LINC00174
37,rs1293298,8,11712443,CTSB
38,rs620513,8,16697593,
39,rs2280104,8,22525980,BIN3
40,rs2086641,8,130901909,
41,rs13294100,9,17579690,SH3GL2
41,rs10756907,9,17727065,SH3GL2
42,rs6476434,9,34046391,PRSS3
43,rs896435,10,15557406,ITGA8
44,rs10748818,10,104015279,CUEDC2
45,rs72840788,10,121415685,BAG3
45,rs117896735,10,121536327,SEC23IP
46,rs7938782,11,10558777,RNF141
47,rs12283611,11,83487277,
48,rs3802920,11,133787001,IGSF9B
49,rs76904798,12,40614434,LRRK2
49,rs34637584,12,40734202,LRRK2
50,rs7134559,12,46419086,
51,rs10847864,12,123326598,HIP1R
52,rs11610045,12,133063768,FBRSL1
53,rs9568188,13,49927732,CAB39L
54,rs4771268,13,97865021,
55,rs12147950,14,37989270,
56,rs11158026,14,55348869,GCH1
57,rs3742785,14,75373034,RPS6KL1
58,rs979812,14,88464264,GALC
59,rs2251086,15,61997385,
60,rs6497339,16,19277493,SYT17
61,rs2904880,16,28944396,NFATC2IP
62,rs11150601,16,30977799,SETD1A
63,rs6500328,16,50736656,NOD2
64,rs3104783,16,52636242,CYLD
65,rs10221156,16,52969426,CYLD
66,rs12600861,17,7355621,CHRNB1
67,rs12951632,17,40741013,RETREG3
68,rs2269906,17,42294337,UBTF
68,rs850738,17,42434630,GRN
69,rs62053943,17,43744203,WNT3
69,rs117615688,17,43798308,WNT3
70,rs11658976,17,44866805,WNT3
71,rs61169879,17,59917366,MED13
72,rs666463,17,76425480,DNAH17
73,rs1941685,18,31304318,
74,rs12456492,18,40673380,
75,rs8087969,18,48683589,MEX3C
76,rs55818311,19,2341047,
77,rs77351827,20,6006041,
78,rs2248244,21,38852361,DYRK1A
